station_id,is_installed,is_renting,is_returning,num_bikes_available,num_ebikes_available,num_bikes_disabled,num_docks_available,num_docks_disabled,num_scooters_available,num_scooters_unavailable,last_reported,num_classic_available
f834e75d-0de8-11e7-991c-3863bb43a7d0,0,0,0,0,0,0,0,0,,,1763410595,0
a6d6d4b2-3666-43ad-a690-7f676bdcc3fd,0,0,0,0,0,0,0,0,,,1762269902,0
5d17f129-af8c-4f30-bc58-6a8279052772,0,0,0,0,0,0,0,0,,,1762789199,0
2113559364250874028,0,0,0,0,0,0,0,0,,,1764175134,0
829fa5a8-cc88-4ab2-9f34-b481aaa1612e,0,0,0,0,0,0,0,0,,,86400,0
f8348719-0de8-11e7-991c-3863bb43a7d0,0,0,0,0,0,0,0,0,,,86400,0
6eaa7343-402d-41c9-9aac-8c664fdbdcf1,0,0,0,0,0,0,0,0,,,86400,0
acb27827-d69a-4287-b132-3f529ca62ad2,0,0,0,0,0,0,0,0,,,86400,0
f834b928-0de8-11e7-991c-3863bb43a7d0,1,1,1,13,3,0,2,0,0,0,1774698444,10
38706d8c-8d4b-49f7-b6ed-7688449db261,1,1,1,14,0,0,5,0,0,0,1774698456,14
f834d34b-0de8-11e7-991c-3863bb43a7d0,1,1,1,24,0,1,14,0,0,0,1774698453,24
f8350199-0de8-11e7-991c-3863bb43a7d0,1,1,1,14,1,0,5,0,0,0,1774698455,13
4d953f0f-13b5-4b3d-b2da-342003ff7cba,1,1,1,9,0,1,1,0,0,0,1774698458,9
aefc33cd-40b9-48da-8b87-415428816bdb,1,1,1,11,0,0,5,0,0,0,1774698463,11
2127634714741013228,1,1,1,8,2,0,16,0,0,0,1774698460,6
f83473ea-0de8-11e7-991c-3863bb43a7d0,1,1,1,10,0,2,11,0,0,0,1774698464,10
ec4e1168-25dc-4929-b17b-e4ae578dd888,1,1,1,0,0,0,14,0,,,1774698464,0
15ec5783-ca7a-4225-ba51-cd0a45ecc975,1,1,1,2,0,0,9,0,0,0,1774698461,2
f834a67b-0de8-11e7-991c-3863bb43a7d0,1,1,1,10,0,0,9,0,0,0,1774698465,10
f834fcbe-0de8-11e7-991c-3863bb43a7d0,1,1,1,1,0,0,13,1,0,0,1774698466,1
4b5de733-9353-4873-9dc2-9558b3cb063a,1,1,1,2,0,0,13,0,0,0,1774698469,2
f8347a8b-0de8-11e7-991c-3863bb43a7d0,1,1,1,13,0,0,6,0,0,0,1774698468,13
2027855476515070160,1,1,1,3,1,0,24,0,0,0,1774698469,2
1331197c-f6c6-4f4a-a29b-95e580359886,1,1,1,5,1,0,12,0,0,0,1774698477,4
133d159e-a202-4310-910f-eca392fe181e,1,1,1,12,0,0,7,0,0,0,1774698476,12
8bc42f7f-753d-4cca-a7d6-0d7c2530ea2c,1,1,1,9,1,0,10,0,0,0,1774698471,8
918335df-fc1a-45c2-9cfc-c5e2e93aecc0,1,1,1,9,0,0,2,0,0,0,1774698470,9
5410aac7-2ec0-47b6-b728-b99c5137b463,1,1,1,8,4,0,3,0,0,0,1774698471,4
1976280681456741062,1,1,1,3,0,0,8,0,0,0,1774698473,3
9b0aff89-5242-475e-b03b-87c3c3bf51bb,1,1,1,7,4,1,10,0,0,0,1774698474,3
2124664048772581794,1,1,1,4,0,0,7,0,0,0,1774698474,4
2127252912986958612,1,1,1,0,0,1,14,0,0,0,1774698481,0
f8352973-0de8-11e7-991c-3863bb43a7d0,1,1,1,8,0,0,7,0,0,0,1774698483,8
f8351f87-0de8-11e7-991c-3863bb43a7d0,1,1,1,0,0,0,19,0,,,1774698490,0
f834916a-0de8-11e7-991c-3863bb43a7d0,1,1,1,7,0,0,8,0,0,0,1774698492,7
f834a2a8-0de8-11e7-991c-3863bb43a7d0,1,1,1,11,0,0,8,0,0,0,1774698494,11
87b5a8b7-a330-4c51-ab32-7dafa292c88f,1,1,1,4,0,0,15,0,0,0,1774698493,4
f8349599-0de8-11e7-991c-3863bb43a7d0,1,1,1,15,1,0,8,0,0,0,1774698501,14
f834b183-0de8-11e7-991c-3863bb43a7d0,1,1,1,12,1,0,11,0,0,0,1774698502,11
a825b55d-3ab3-481f-9c50-d3a7313e6843,1,1,1,7,0,0,12,0,0,0,1774698502,7
8d535c23-f186-4161-aa10-17e94be6d4ae,1,1,1,8,0,0,7,0,0,0,1774698502,8
88b35b6d-f355-44dc-b85e-ed2eb1bc9099,1,1,1,10,3,0,8,0,0,0,1774698497,7
8e7c1984-dc81-43b0-a0d3-58c6de45225a,1,1,1,1,0,0,10,0,0,0,1774698500,1
b44b7c3d-c054-4591-92a9-3b96d86050ab,1,1,1,4,0,0,7,0,0,0,1774698507,4
2036412579943670600,1,1,1,3,0,1,8,1,0,0,1774698507,3
40ee059e-8530-4992-9114-c16b87d6832f,1,1,1,13,0,1,5,0,0,0,1774698507,13
d1a5e406-718c-44b9-b9dd-e63605b888aa,1,1,1,6,0,0,9,0,0,0,1774698507,6
2438d052-2cd6-4fba-83c9-39f46cb59398,1,1,1,9,1,0,10,0,0,0,1774698507,8
f606593b-3d07-40f2-bc6d-a0eb96588e44,1,1,1,9,0,0,10,0,0,0,1774698503,9
f834f036-0de8-11e7-991c-3863bb43a7d0,1,1,1,11,2,0,12,0,0,0,1774698503,9
dcd76e42-eebc-4432-9726-cdb3372b0b07,1,1,1,3,0,0,15,0,0,0,1774698507,3
1919521884659886482,1,1,1,10,1,0,9,0,0,0,1774698508,9
f8351569-0de8-11e7-991c-3863bb43a7d0,1,1,1,15,1,1,3,0,0,0,1774698508,14
77c1736c-a609-4453-94f7-8e4253a8193c,1,1,1,9,1,0,2,0,0,0,1774698504,8
97a1e4e7-a1ff-427a-aaea-48ca0d00bf9c,1,1,1,14,0,1,0,0,0,0,1774698504,14
2131371824572002576,1,1,1,8,0,0,8,0,0,0,1774698503,8
2363c5a3-93cc-41a2-a767-90f1826c041f,1,1,1,8,0,2,17,0,0,0,1774698509,8
2126567695528519906,1,1,1,14,0,0,6,0,0,0,1774698509,14
25489822-e43a-4704-b2a8-d905b78ba77c,1,1,1,3,0,0,11,0,0,0,1774698513,3
01d29f8c-768d-4c4f-84ca-3de966075287,1,1,1,1,0,0,10,0,0,0,1774698511,1
f8351255-0de8-11e7-991c-3863bb43a7d0,1,1,1,15,1,0,0,0,0,0,1774698509,14
1ef9964d-47ac-4cd4-916e-7c006fa1e605,1,1,1,15,4,0,0,0,0,0,1774698514,11
f834a1de-0de8-11e7-991c-3863bb43a7d0,1,1,1,8,0,0,7,0,0,0,1774698515,8
800bde2c-51df-497c-ac2d-bc3a8c00c164,1,1,1,4,0,0,11,0,0,0,1774698515,4
f834c6f5-0de8-11e7-991c-3863bb43a7d0,1,1,1,4,2,0,12,0,0,0,1774698517,2
f83532fa-0de8-11e7-991c-3863bb43a7d0,1,1,1,11,0,0,4,0,0,0,1774698517,11
2031175112202687108,1,1,1,15,0,0,1,0,0,0,1774698518,15
f835244e-0de8-11e7-991c-3863bb43a7d0,1,1,1,5,0,0,10,0,0,0,1774698518,5
e4d5271f-5f76-401b-b7f0-c8dce3c26f10,1,1,1,5,1,0,6,0,0,0,1774698517,4
9fef6df2-7f8f-43fc-a85b-7dd5453860f9,1,1,1,13,0,1,5,0,0,0,1774698518,13
f55cdf0a-3d7b-491c-bed2-7dc0ef2062d5,1,1,1,15,0,0,1,0,0,0,1774698518,15
625f105e-4407-4988-9095-d1979cbda5e1,1,1,1,11,3,0,8,0,0,0,1774698520,8
57f5003b-6574-40b3-83d7-3b5dee1472e0,1,1,1,0,0,0,10,0,,,1774698525,0
1991921362058752616,1,1,1,4,0,0,16,0,0,0,1774698525,4
f83493c0-0de8-11e7-991c-3863bb43a7d0,1,1,1,2,0,0,29,0,0,0,1774698521,2
f8349070-0de8-11e7-991c-3863bb43a7d0,1,1,1,10,0,2,7,0,0,0,1774698521,10
f8351649-0de8-11e7-991c-3863bb43a7d0,1,1,1,2,1,1,16,0,0,0,1774698519,1
f8347002-0de8-11e7-991c-3863bb43a7d0,1,1,1,15,3,0,8,0,0,0,1774698522,12
e335fa7c-7adf-4360-9bfa-76b18124a56f,1,1,1,4,2,0,7,0,0,0,1774698530,2
f7d416f8-4377-4019-bba7-302dc1d5a11d,1,1,1,8,0,0,7,0,0,0,1774698531,8
25d6f87f-7025-48c5-b202-f91511a4ae19,1,1,1,9,4,0,10,0,0,0,1774698531,5
2039387081833476178,1,1,1,11,0,0,9,0,0,0,1774698525,11
f8346c96-0de8-11e7-991c-3863bb43a7d0,1,1,1,11,0,0,14,0,0,0,1774698530,11
2071991821019036242,1,1,1,13,0,1,6,0,0,0,1774698406,13
6cec3afa-554c-466f-8323-5c619fe0ddc6,1,1,1,6,0,0,4,0,0,0,1774698536,6
2089808297152151688,1,1,1,7,3,0,5,0,0,0,1774698538,4
1997031876360597884,1,1,1,7,0,1,3,0,0,0,1774698538,7
803a0c16-4f81-44f1-8b49-a13fcdda40c1,1,1,1,14,0,1,4,0,0,0,1774698538,14
199f3d59-e726-4549-b9c1-4dfc8a343fdb,1,1,1,6,1,0,5,0,0,0,1774698539,5
2149920539832638004,1,1,1,3,0,0,12,0,0,0,1774698540,3
2134720099473744344,1,1,1,0,0,0,21,0,,,1774698541,0
f834b1ed-0de8-11e7-991c-3863bb43a7d0,1,1,1,9,1,0,6,0,0,0,1774698537,8
2028220168245183460,1,1,1,15,0,0,4,0,0,0,1774698538,15
f834f948-0de8-11e7-991c-3863bb43a7d0,1,1,1,14,1,0,1,0,0,0,1774698534,13
f8347ded-0de8-11e7-991c-3863bb43a7d0,1,1,1,4,0,0,27,0,0,0,1774698534,4
1994515539257334312,1,1,1,18,4,0,1,0,0,0,1774698535,14
f8346dbd-0de8-11e7-991c-3863bb43a7d0,1,1,1,12,0,0,7,0,0,0,1774698528,12
82b41ffb-e284-4e4d-b22a-0cad2bfd4bee,1,1,1,14,0,0,5,0,0,0,1774698535,14
f8350d30-0de8-11e7-991c-3863bb43a7d0,1,1,1,2,0,1,16,0,0,0,1774698544,2
f8348598-0de8-11e7-991c-3863bb43a7d0,1,1,1,9,0,0,8,0,0,0,1774698545,9
e519df41-c4d7-403a-9afa-a5dd7cdd2d03,1,1,1,4,2,0,14,0,0,0,1774698544,2
f8346e51-0de8-11e7-991c-3863bb43a7d0,1,1,1,7,2,0,9,0,0,0,1774698542,5
2129149628430547474,1,1,1,4,0,1,11,0,0,0,1774698543,4
1999639508813492766,1,1,1,7,0,0,13,0,0,0,1774698545,7
ea00f276-26dc-48ee-b2c8-6e56fd632a2d,1,1,1,15,1,0,4,0,0,0,1774698546,14
768433a9-fc30-4485-b136-22d6f8a96f1c,1,1,1,8,1,0,3,0,0,0,1774698547,7
1999644268058967024,1,1,1,19,1,0,5,0,0,0,1774698548,18
f834c5c9-0de8-11e7-991c-3863bb43a7d0,1,1,1,1,1,1,12,0,0,0,1774698550,0
eed9e64f-f09d-43c1-aa31-da968c66750a,1,1,1,3,1,0,12,0,0,0,1774698550,2
2110566771130438288,1,1,1,8,1,0,8,0,0,0,1774698552,7
1ef5abb2-5af9-41f2-a0dd-1e44278ad9f1,1,1,1,7,0,1,3,0,0,0,1774698552,7
2132460331327742574,1,1,1,4,0,1,14,0,0,0,1774698553,4
f8350129-0de8-11e7-991c-3863bb43a7d0,1,1,1,14,0,0,4,0,0,0,1774698553,14
52ca4d94-587f-4a61-a298-a1a755e73bfb,1,1,1,17,1,0,2,0,0,0,1774698553,16
ab6517ea-ed53-42eb-8881-657d362e56e8,1,1,1,0,0,1,14,0,0,0,1774698550,0
f83466c6-0de8-11e7-991c-3863bb43a7d0,1,1,1,1,0,0,12,0,0,0,1774698551,1
1976640911178291400,1,1,1,3,0,0,8,0,0,0,1774698552,3
c111ef1a-f276-415d-a95e-8e3c4e3a0c03,1,1,1,5,0,0,10,0,0,0,1774698548,5
f834d260-0de8-11e7-991c-3863bb43a7d0,1,1,1,8,1,0,7,0,0,0,1774698549,7
986068c4-d11a-465a-b8d0-bd0960c57f51,1,1,1,9,0,2,4,0,0,0,1774698549,9
569f4952-5a25-4394-a419-f9c4d9cca6f3,1,1,1,17,1,1,1,0,0,0,1774698553,16
f834cb89-0de8-11e7-991c-3863bb43a7d0,1,1,1,18,3,0,0,0,0,0,1774698551,15
f8347ba8-0de8-11e7-991c-3863bb43a7d0,1,1,1,1,0,0,18,0,0,0,1774698555,1
1986694622707704150,1,1,1,9,0,0,10,0,0,0,1774698554,9
2036103727838931110,1,1,1,7,0,0,4,0,0,0,1774698555,7
cad0e759-b605-458a-b772-768dcce81dc6,1,1,1,10,4,1,7,0,0,0,1774698556,6
f8351791-0de8-11e7-991c-3863bb43a7d0,1,1,1,6,1,0,9,0,0,0,1774698558,5
f8352c1a-0de8-11e7-991c-3863bb43a7d0,0,0,0,0,0,0,0,0,,,86400,0
f834ca55-0de8-11e7-991c-3863bb43a7d0,0,0,0,0,0,0,0,0,,,86400,0
082262bd-086b-46c7-83ce-eed2b39142ff,0,0,0,0,0,0,0,0,,,86400,0
f8346c01-0de8-11e7-991c-3863bb43a7d0,0,0,0,0,0,0,0,0,,,1764088692,0
1206f5c8-7d1f-4c32-9d65-f3e80186fbde,0,0,0,0,0,0,0,0,,,1763050570,0
2080157934789007958,0,0,0,0,0,0,0,0,,,1762185137,0
2115804056935012722,0,0,0,0,0,0,0,0,,,1762186413,0
2111332861978124760,0,0,0,0,0,0,0,0,,,1773346399,0
af066ffd-b892-434f-8532-1982fc408780,1,1,1,2,0,0,9,0,0,0,1774698456,2
f8351ff1-0de8-11e7-991c-3863bb43a7d0,1,1,1,10,2,0,5,0,0,0,1774698460,8
c98f50f6-1901-4c64-b164-8cf33245e022,1,1,1,15,1,0,3,0,0,0,1774698459,14
8b703219-1e16-4ba1-9f46-2b7030c7849a,1,1,1,9,6,0,6,0,0,0,1774698441,3
a3b94ed8-8301-4ec6-baf2-64ac493b5106,1,1,1,2,2,0,10,0,0,0,1774698443,0
2120986392451359068,1,1,1,2,0,0,16,0,0,0,1774698447,2
f8352306-0de8-11e7-991c-3863bb43a7d0,1,1,1,13,5,0,2,0,0,0,1774698450,8
4764641e-b080-4c70-a1e1-049de81e09d0,1,1,1,26,2,1,13,0,0,0,1774698452,24
13681246-4bf8-444a-a908-fa165e4ad298,1,1,1,11,2,0,4,0,0,0,1774698451,9
f834fb66-0de8-11e7-991c-3863bb43a7d0,1,1,1,5,0,0,14,0,0,0,1774698463,5
4caf6e93-ddd7-4b6f-9e61-f9df1206ac92,1,1,1,10,3,0,9,0,0,0,1774698464,7
e3f5d039-a49e-4b3b-ab4d-4efbef2068c6,1,1,1,9,0,0,13,0,0,0,1774698460,9
b5894555-30a3-46db-918a-fdeb083d6001,1,1,1,6,2,0,9,0,0,0,1774698475,4
68323451-daf0-4532-a6cb-b070e3ef358f,1,1,1,3,0,0,16,0,0,0,1774698476,3
1963273678015717438,1,1,1,8,1,0,11,0,0,0,1774698472,7
f8347361-0de8-11e7-991c-3863bb43a7d0,1,1,1,2,1,0,13,0,0,0,1774698477,1
f834b50a-0de8-11e7-991c-3863bb43a7d0,1,1,1,5,0,0,10,0,0,0,1774698481,5
f8346a3c-0de8-11e7-991c-3863bb43a7d0,1,1,1,0,0,0,11,0,,,1774698481,0
f83514f9-0de8-11e7-991c-3863bb43a7d0,1,1,1,14,1,0,5,0,0,0,1774698479,13
31382324-2931-491a-827a-40149e45afee,1,1,1,2,0,1,8,0,0,0,1774698480,2
fae99a0c-e88a-4112-94d8-f655cf34e651,1,1,1,8,0,1,10,0,0,0,1774698488,8
f4a64c30-b97f-4ae5-b531-a11698b558d7,1,1,1,6,1,0,3,0,0,0,1774698490,5
f834923d-0de8-11e7-991c-3863bb43a7d0,1,1,1,11,0,0,28,0,0,0,1774698491,11
f8353277-0de8-11e7-991c-3863bb43a7d0,1,1,1,0,0,0,15,0,,,1774698485,0
7dd0fc98-c1dd-4c93-9c1d-4bbdf5f93346,1,1,1,8,2,1,6,0,0,0,1774698486,6
dc770287-c70c-43ea-a635-39f3dc6b09cd,1,1,1,3,2,1,7,0,0,0,1774698493,1
b0b8e427-7203-4844-9c70-129e08a74452,1,1,1,5,2,0,10,0,0,0,1774698493,3
f8349d6e-0de8-11e7-991c-3863bb43a7d0,1,1,1,9,0,0,10,0,0,0,1774698497,9
0bc49982-74e9-4bbf-9991-e3d809d6319e,1,1,1,2,0,1,16,0,0,0,1774698497,2
f8348781-0de8-11e7-991c-3863bb43a7d0,1,1,1,15,2,0,4,0,0,0,1774698495,13
d81e16e2-a410-4a0b-b5ae-b72748fc9781,1,1,1,8,1,1,10,0,0,0,1774698495,7
2158217922577811100,1,1,1,11,1,0,8,0,0,0,1774698495,10
efd724b2-31cb-4aec-b9d9-8ab79271630c,1,1,1,9,1,0,8,0,0,0,1774698494,8
2079440939380771716,1,1,1,6,0,0,5,0,0,0,1774698494,6
a439fff7-8630-464c-b277-efca6f6bc664,1,1,1,14,3,0,1,0,0,0,1774698494,11
2035765531590062506,1,1,1,0,0,0,11,0,,,1774698498,0
0cb6d635-6a7d-4d75-89b4-36b12616be12,1,1,1,14,0,0,5,0,0,0,1774698500,14
f83487f0-0de8-11e7-991c-3863bb43a7d0,1,1,1,6,0,0,9,0,0,0,1774698501,6
3f4f4ad4-a715-43d5-828f-f8381f26b66a,1,1,1,14,0,0,1,0,0,0,1774698502,14
1e3beeb4-f8e1-452c-93e5-48df78d4b313,1,1,1,17,2,0,2,0,0,0,1774698503,15
f835259f-0de8-11e7-991c-3863bb43a7d0,1,1,1,2,2,0,13,0,0,0,1774698503,0
2126939746529359956,1,1,1,2,0,0,17,0,0,0,1774698507,2
f8352150-0de8-11e7-991c-3863bb43a7d0,1,1,1,3,1,0,7,0,0,0,1774698506,2
dd8dee9d-d044-41d6-9371-8463cf9c671b,1,1,1,11,0,0,4,0,0,0,1774698505,11
f836bc28-36a7-4ca6-bba6-0d75333d84bb,1,1,1,5,0,0,13,0,0,0,1774698509,5
50cc3c7f-50ed-4c70-b483-c89f3f47c938,1,1,1,15,1,0,4,0,0,0,1774698510,14
3b158c7a-a362-43ae-af1f-121b78be32d7,1,1,1,1,1,0,16,0,0,0,1774698510,0
8f51f8f1-ecb8-4cd3-8529-296a03140c51,1,1,1,9,2,0,10,0,0,0,1774698510,7
ee18dbd6-05b8-4d38-a120-f84c3499a77e,1,1,1,7,2,0,4,0,0,0,1774698513,5
f834ffc9-0de8-11e7-991c-3863bb43a7d0,1,1,1,14,1,0,5,0,0,0,1774698516,13
2002247509585342522,1,1,1,4,0,0,7,0,0,0,1774698515,4
609c2f06-310e-4134-8dd2-3d23aa41487b,1,1,1,18,0,0,5,0,0,0,1774698515,18
f834d064-0de8-11e7-991c-3863bb43a7d0,1,1,1,14,3,0,5,0,0,0,1774698516,11
f834a32d-0de8-11e7-991c-3863bb43a7d0,1,1,1,3,2,0,16,0,0,0,1774698517,1
a9d13461-7f0f-47b0-9a97-8ec9e9792865,1,1,1,17,0,0,1,1,0,0,1774698516,17
ee0fa23e-a6c2-474d-a6ef-bf581d63f1ae,1,1,1,5,0,0,6,0,0,0,1774698517,5
dd05a440-f881-410c-a071-864da11c634a,1,1,1,0,0,0,19,0,,,1774698519,0
634b697d-0e64-4102-8849-abac7a7f8e35,1,1,1,3,0,0,9,0,0,0,1774698521,3
2136546016037880534,1,1,1,9,1,0,6,0,0,0,1774698519,8
f1cafe36-f800-41f6-b74d-73953cb6394c,1,1,1,1,0,0,26,0,0,0,1774698519,1
1984021766354634770,1,1,1,5,3,0,13,0,0,0,1774698526,2
f8348021-0de8-11e7-991c-3863bb43a7d0,1,1,1,10,0,0,17,0,0,0,1774698526,10
2100948177843249670,1,1,1,7,0,0,4,0,0,0,1774698523,7
f8350be5-0de8-11e7-991c-3863bb43a7d0,1,1,1,3,0,0,11,0,0,0,1774698525,3
f8349de4-0de8-11e7-991c-3863bb43a7d0,1,1,1,0,0,0,34,0,,,1774698530,0
f8351e42-0de8-11e7-991c-3863bb43a7d0,1,1,1,3,0,0,20,0,0,0,1774698530,3
a9bc314b-a3fd-46e5-a63b-f005258bba5f,1,1,1,1,0,0,18,0,0,0,1774698530,1
57caf362-1e8b-46aa-9ee3-82341c405ab0,1,1,1,2,1,0,12,0,0,0,1774698530,1
66763558-7a03-48a9-8665-6b4445b81f48,1,1,1,9,0,0,6,0,0,0,1774698532,9
f8349672-0de8-11e7-991c-3863bb43a7d0,1,1,1,1,0,0,22,0,0,0,1774698534,1
f8348924-0de8-11e7-991c-3863bb43a7d0,1,1,1,13,0,1,0,0,0,0,1774698468,13
3de6e5da-9702-4623-8683-26abd98012a8,1,1,1,2,1,0,10,0,0,0,1774698529,1
25cc602a-152a-4abe-9df8-a131d0a5d94b,1,1,1,15,0,0,0,0,0,0,1774698529,15
dd008e3c-ff17-4c82-abe0-502272a62425,1,1,1,6,0,0,11,0,0,0,1774698535,6
f834fda2-0de8-11e7-991c-3863bb43a7d0,1,1,1,14,6,0,9,0,0,0,1774698536,8
2071724371800490690,1,1,1,8,1,0,12,0,0,0,1774698458,7
fbb9b58c-2b92-4bcf-8e4c-a982e40d2f39,1,1,1,17,1,0,2,0,0,0,1774698539,16
3dbbb3cb-b52d-46f8-8f9c-db11e83d081c,1,1,1,7,3,0,8,0,0,0,1774698539,4
2fded452-cbd0-4248-b008-f8a61ed9a85f,1,1,1,9,2,0,6,0,0,0,1774698538,7
f834db9b-0de8-11e7-991c-3863bb43a7d0,1,1,1,9,3,0,8,0,0,0,1774698537,6
1994461916590643872,1,1,1,6,1,0,5,0,0,0,1774698537,5
f8348857-0de8-11e7-991c-3863bb43a7d0,1,1,1,1,0,0,14,0,0,0,1774698538,1
2113560016964645240,1,1,1,13,0,0,6,0,0,0,1774698540,13
2124668538068359456,1,1,1,8,0,0,10,0,0,0,1774698543,8
a51b429f-bf06-425a-b3fe-b3155aa6468c,1,1,1,6,1,0,5,0,0,0,1774698541,5
f835027c-0de8-11e7-991c-3863bb43a7d0,1,1,1,8,1,0,19,0,0,0,1774698544,7
be7e7068-b85f-42c1-8ea1-e1d64e531323,1,1,1,5,2,0,10,0,0,0,1774698548,3
2131714490587826928,1,1,1,5,1,1,10,0,0,0,1774698548,4
1961066392414132348,1,1,1,8,6,0,10,0,0,0,1774698548,2
3a6d94a7-9fee-41c5-b8cc-a8487c5e691b,1,1,1,18,0,0,6,0,0,0,1774698547,18
f8350c56-0de8-11e7-991c-3863bb43a7d0,1,1,1,21,0,0,2,0,0,0,1774698547,21
2004828637786472956,1,1,1,11,0,0,8,0,0,0,1774698546,11
f835141c-0de8-11e7-991c-3863bb43a7d0,1,1,1,13,0,1,5,0,0,0,1774698546,13
e49a5b83-2c9c-4610-a48b-89cfea172c8f,1,1,1,11,0,0,0,0,0,0,1774698553,11
2074236051937964826,1,1,1,5,0,0,11,0,0,0,1774698553,5
2012646293885032702,1,1,1,16,1,1,7,0,0,0,1774698554,15
f834b652-0de8-11e7-991c-3863bb43a7d0,1,1,1,12,1,0,7,0,0,0,1774698555,11
f83472d3-0de8-11e7-991c-3863bb43a7d0,1,1,1,8,0,0,7,0,0,0,1774698557,8
c935cfb1-ef73-402e-9b86-83aaaac6534d,1,1,1,14,2,0,5,0,0,0,1774698557,12
f834ff5a-0de8-11e7-991c-3863bb43a7d0,1,1,1,18,3,1,0,0,0,0,1774698558,15
2171110977443594588,1,1,1,13,1,0,2,0,0,0,1774698558,12
910f1452-dbeb-4e69-b226-71b2d7e85715,1,1,1,8,0,1,2,0,0,0,1774698558,8
f8352a4d-0de8-11e7-991c-3863bb43a7d0,1,1,1,22,1,1,10,0,0,0,1774698559,21
3c837bc0-fd08-49c4-adf5-0e9a98e918a7,1,1,1,7,2,0,8,0,0,0,1774698558,5
f8350204-0de8-11e7-991c-3863bb43a7d0,1,1,1,0,0,0,19,0,,,1774698470,0
7df1ee28-441e-44c1-8507-8f58946be96b,1,1,1,6,3,0,9,0,0,0,1774698470,3
f834caf2-0de8-11e7-991c-3863bb43a7d0,1,1,1,8,1,0,7,0,0,0,1774698470,7
aa556ad4-0092-4687-96c2-8dbc69addb56,1,1,1,7,1,1,3,0,0,0,1774698471,6
1676a6f7-c417-48d2-92e8-5ce21995efc3,1,1,1,3,0,0,16,0,0,0,1774698469,3
12141b77-6e5f-444b-bace-2abf16db4fee,1,1,1,2,1,0,9,0,0,0,1774698469,1
186accbb-6a08-4e1d-b267-9033c4443a56,1,1,1,12,1,0,3,0,0,0,1774698472,11
2123672938202825324,1,1,1,12,1,0,3,0,0,0,1774698498,11
f834ea45-0de8-11e7-991c-3863bb43a7d0,0,0,0,0,0,0,0,0,,,86400,0
81676204-e42f-4d3d-991e-9c1264f36229,0,0,0,0,0,0,0,0,,,86400,0
ca76adb6-4c84-4484-9ec3-b411b81ddbef,0,0,0,0,0,0,0,0,,,1762964958,0
fe534b6f-61ad-47d3-b9f6-cdaa128f53a4,0,0,0,0,0,0,0,0,,,1762199310,0
12d463d2-ce50-43bd-81b1-6be4dbdbbc1b,0,0,0,0,0,0,0,0,,,1763569347,0
ed6c012e-6d6c-41e7-8e01-90749fd67575,1,1,1,8,2,4,5,0,0,0,1774698466,6
f83489ff-0de8-11e7-991c-3863bb43a7d0,1,1,1,12,1,1,6,0,0,0,1774698465,11
f83480a9-0de8-11e7-991c-3863bb43a7d0,1,1,1,22,0,0,9,0,0,0,1774698464,22
eee3aab6-bd98-4d1f-8887-9c4e2adce482,1,1,1,3,0,0,8,0,0,0,1774698464,3
9c8366d8-3b58-4894-b281-09e22f6fe5f7,1,1,1,3,0,0,8,0,0,0,1774698462,3
4f25f6ef-236b-43b4-8a92-68a24db0504b,1,1,1,1,0,0,13,0,0,0,1774698462,1
f834ab92-0de8-11e7-991c-3863bb43a7d0,1,1,1,8,2,0,7,0,0,0,1774698463,6
f83471a1-0de8-11e7-991c-3863bb43a7d0,1,1,1,6,1,0,19,0,0,0,1774698481,5
f83512c9-0de8-11e7-991c-3863bb43a7d0,1,1,1,2,2,1,14,0,0,0,1774698478,0
fe6a64e7-c712-404c-85ae-ee77a37245b1,1,1,1,15,0,0,2,0,0,0,1774698478,15
f83483f3-0de8-11e7-991c-3863bb43a7d0,1,1,1,11,1,0,28,0,0,0,1774698478,10
2002579415401984808,1,1,1,0,0,0,11,0,,,1774698474,0
f834a3a0-0de8-11e7-991c-3863bb43a7d0,1,1,1,12,0,0,3,0,0,0,1774698475,12
c23a4c0d-7e43-4042-80e2-7c894d07763b,1,1,1,6,3,0,5,0,0,0,1774698475,3
403c0f6c-d01a-4171-a7be-3aa4dbb0d7d1,1,1,1,17,2,0,2,0,0,0,1774698447,15
f83515d8-0de8-11e7-991c-3863bb43a7d0,1,1,1,16,0,0,3,0,0,0,1774698448,16
f8349e56-0de8-11e7-991c-3863bb43a7d0,1,1,1,13,0,1,4,0,0,0,1774698440,13
4c128753-6fde-4d4c-896e-a1adf89ada98,1,1,1,2,1,0,22,0,0,0,1774698455,1
1942556871369959976,1,1,1,13,1,0,6,0,0,0,1774698455,12
93381e13-cd04-4e10-ac81-9f5926aa01d5,1,1,1,11,1,0,14,0,0,0,1774698456,10
f834ec42-0de8-11e7-991c-3863bb43a7d0,1,1,1,17,1,0,1,0,0,0,1774698458,16
00802fe6-4268-4dc8-8f55-0dbbc1665ce6,1,1,1,1,0,0,18,0,0,0,1774698461,1
f8347b1e-0de8-11e7-991c-3863bb43a7d0,1,1,1,3,1,0,12,0,0,0,1774698462,2
2040842277416872172,1,1,1,1,1,0,15,0,0,0,1774698446,0
f834658f-0de8-11e7-991c-3863bb43a7d0,1,1,1,15,2,0,4,0,0,0,1774698442,13
ad2fb6f2-921f-440c-83de-08be76e35c2a,1,1,1,10,2,0,5,0,0,0,1774698442,8
f834b99d-0de8-11e7-991c-3863bb43a7d0,1,1,1,1,0,0,18,0,0,0,1774698440,1
f834fc57-0de8-11e7-991c-3863bb43a7d0,1,1,1,15,1,0,2,0,0,0,1774698502,14
f8351eb0-0de8-11e7-991c-3863bb43a7d0,1,1,1,33,0,0,4,0,0,0,1774698549,33
13d4171b-6d93-490e-923f-f2a17d5c7613,1,1,1,6,0,0,5,0,0,0,1774698545,6
a75d3da1-ce74-447f-8e80-52506a81aff3,1,1,1,2,0,0,9,0,0,0,1774698544,2
1989983491501558234,1,1,1,5,0,0,6,0,0,0,1774698544,5
2131760674371160748,1,1,1,11,0,0,9,0,0,0,1774698549,11
f834824e-0de8-11e7-991c-3863bb43a7d0,1,1,1,4,0,0,11,0,0,0,1774698550,4
f8351490-0de8-11e7-991c-3863bb43a7d0,1,1,1,46,0,3,5,0,0,0,1774698551,46
e2c306f6-82c7-4d0d-89fd-c9452d2f9ad1,1,1,1,16,0,0,25,0,0,0,1774698551,16
2093488029445054742,1,1,1,19,0,0,9,0,0,0,1774698552,19
2129865213174084448,1,1,1,12,2,0,7,0,0,0,1774698552,10
2014558273483754010,1,1,1,11,1,0,7,0,0,0,1774698552,10
7feae3ce-ddf2-4a45-a123-1209c8a9182b,1,1,1,0,0,0,11,0,,,1774698553,0
f835108b-0de8-11e7-991c-3863bb43a7d0,1,1,1,3,1,0,10,0,0,0,1774698553,2
74cb9bf6-bb53-4c70-88d2-67998b99628c,1,1,1,19,4,0,4,0,0,0,1774698554,15
f8350a84-0de8-11e7-991c-3863bb43a7d0,1,1,1,0,0,0,14,0,,,1774698555,0
f8346f6f-0de8-11e7-991c-3863bb43a7d0,1,1,1,9,0,0,6,0,0,0,1774698486,9
1a39ab83-f029-4134-aad4-35380b30bf2c,1,1,1,5,1,0,14,0,0,0,1774698489,4
2098360140389493528,1,1,1,2,1,0,9,0,0,0,1774698484,1
f83481c5-0de8-11e7-991c-3863bb43a7d0,1,1,1,12,0,0,19,0,0,0,1774698484,12
f8351726-0de8-11e7-991c-3863bb43a7d0,1,1,1,2,0,1,12,0,0,0,1774698491,2
2076849845777355316,1,1,1,23,1,0,9,0,0,0,1774698492,22
9cc65d3d-cfcc-45ff-8f75-7264556b1cf9,1,1,1,5,0,0,14,0,0,0,1774698491,5
2096125468116637776,1,1,1,11,0,1,3,0,0,0,1774698504,11
52485851-e554-49de-ab9f-f536806d2d34,1,1,1,5,1,0,6,0,0,0,1774698506,4
f834a838-0de8-11e7-991c-3863bb43a7d0,1,1,1,18,2,0,1,0,0,0,1774698513,16
5bbdd12f-fec4-4741-9d5d-4a60834c5d02,1,1,1,8,1,1,10,0,0,0,1774698508,7
8347c34d-68df-404b-ac58-7a387cc3ce4b,1,1,1,23,9,0,0,0,0,0,1774698508,14
2104f242-2dde-4ec0-8197-4454b1021ac1,1,1,1,19,5,0,6,0,0,0,1774698509,14
228b8017-e4da-4722-9223-b8279a14b8ad,1,1,1,4,3,0,7,0,0,0,1774698509,1
6e340d8e-45db-4fd9-b6eb-b74ec73b0d3e,1,1,1,11,3,2,2,0,0,0,1774698509,8
2109111257926871498,1,1,1,7,3,1,11,0,0,0,1774698509,4
2035660824473983142,1,1,1,7,1,0,12,0,0,0,1774698510,6
1976642295079838524,1,1,1,3,1,0,8,0,0,0,1774698513,2
e32c0bb9-e85b-4764-b0fb-5c582cfd3a90,1,1,1,5,2,0,14,0,0,0,1774698510,3
f8349ed6-0de8-11e7-991c-3863bb43a7d0,1,1,1,12,0,1,2,0,0,0,1774698512,12
f83520d8-0de8-11e7-991c-3863bb43a7d0,1,1,1,10,1,0,13,0,0,0,1774698516,9
4fe8e777-345b-4fc2-a684-dd874e8186d8,1,1,1,5,1,2,7,0,0,0,1774698513,4
f8352068-0de8-11e7-991c-3863bb43a7d0,1,1,1,9,2,0,10,0,0,0,1774698513,7
2151136782588526782,1,1,1,6,0,0,5,0,0,0,1774698517,6
2038981933682610536,1,1,1,7,1,0,9,0,0,0,1774698517,6
47c44bb1-d065-41f5-ad79-c18aee60af34,1,1,1,8,0,1,6,0,0,0,1774698522,8
c5017e67-cada-4549-a52e-0f13dddd289d,1,1,1,17,0,0,2,0,0,0,1774698521,17
81bfc33b-30d8-4881-b261-712715a8b2bc,1,1,1,8,1,1,10,0,0,0,1774698525,7
7c860828-3359-4229-b59b-963f5a4bab00,1,1,1,8,1,0,7,0,0,0,1774698526,7
53548ba4-ad0a-4d92-8e57-fd5c9f3ad102,1,1,1,4,0,1,10,0,0,0,1774698520,4
f8348a68-0de8-11e7-991c-3863bb43a7d0,1,1,1,9,3,1,8,0,0,0,1774698520,6
065e0e5d-8a0d-49b7-9c1f-c8eaba51a8b4,1,1,1,17,2,0,0,0,0,0,1774698519,15
f0f01d4c-ba4a-4ab2-9cc0-9fa1f9223300,1,1,1,5,1,0,9,0,0,0,1774698524,4
f8351dc2-0de8-11e7-991c-3863bb43a7d0,1,1,1,15,0,0,0,0,0,0,1774698530,15
f834dedf-0de8-11e7-991c-3863bb43a7d0,1,1,1,10,2,0,5,0,0,0,1774698530,8
bd3d4824-7203-4edc-a314-cea2b413e886,1,1,1,5,0,0,22,0,0,0,1774698529,5
f8285d4f-5053-4e26-bb28-72016fe11353,1,1,1,13,4,0,6,0,0,0,1774698526,9
be18593a-9e4c-4a13-8bb2-a5bac3d9b2b3,1,1,1,5,0,0,13,0,0,0,1774698526,5
eb8824c3-9c84-4fec-8d6f-d537c8ab3beb,1,1,1,7,0,0,10,0,0,0,1774698531,7
1978882443666915710,1,1,1,7,7,2,9,0,0,0,1774698531,0
a83f982f-a4f1-43e4-98e8-c8f4a0bb7290,1,1,1,15,0,0,0,0,0,0,1774698531,15
c202f2ca-ec1d-4dc5-a734-e0a342f23ba4,1,1,1,15,0,0,7,0,0,0,1774698526,15
2d32e355-faee-407b-9bb7-45d80ffb059a,1,1,1,0,0,0,19,0,,,1774698532,0
f834dc46-0de8-11e7-991c-3863bb43a7d0,1,1,1,12,0,0,3,0,0,0,1774698532,12
f714390d-6874-43fa-a079-a07f83c79c7b,1,1,1,8,2,0,3,0,0,0,1774698538,6
f834fede-0de8-11e7-991c-3863bb43a7d0,1,1,1,1,0,0,18,0,0,0,1774698534,1
9e9be067-c6bb-41de-9491-eda69d24d6de,1,1,1,9,1,0,10,0,0,0,1774698535,8
f835260c-0de8-11e7-991c-3863bb43a7d0,1,1,1,22,1,1,17,0,0,0,1774698536,21
bd1755dc-f26c-420e-85b3-fd025d0b5445,1,1,1,11,1,0,4,0,0,0,1774698534,10
0b0467c1-0c90-4529-a556-fe4d57835bbb,1,1,1,11,4,1,3,0,0,0,1774698534,7
2002248857751890568,1,1,1,7,5,0,4,0,0,0,1774698542,2
2071630998981871920,1,1,1,8,0,0,12,0,0,0,1774698543,8
5f8ced09-665c-41e5-b67e-1e58fac21830,1,1,1,3,3,0,8,0,0,0,1774698544,0
0daf7408-7a15-4d2b-8c39-f1a097cdbe85,1,1,1,14,3,1,0,0,0,0,1774698544,11
2130224177726511580,1,1,1,6,0,0,9,0,0,0,1774698539,6
c1789d39-705f-4c03-9c14-4d6a3a4f4400,1,1,1,2,0,1,16,0,0,0,1774698540,2
9f582e05-15e0-4a39-aef5-c719e0c78e26,1,1,1,0,0,1,10,0,0,0,1774698541,0
f8352378-0de8-11e7-991c-3863bb43a7d0,1,1,1,9,2,0,10,0,0,0,1774698543,7
d1c0b0c2-6e4c-424e-a946-a2a95a711633,1,1,1,10,0,0,5,0,0,0,1774698555,10
2118368356250680236,1,1,1,6,0,0,10,0,0,0,1774698545,6
f8352ac4-0de8-11e7-991c-3863bb43a7d0,1,1,1,0,0,0,14,0,,,1774698547,0
f83529e2-0de8-11e7-991c-3863bb43a7d0,1,1,1,9,0,0,6,0,0,0,1774698557,9
a3bf0bfe-198b-4160-a2fb-cc7d10cfb4cf,1,1,1,11,0,0,8,0,0,0,1774698557,11
9340e113-e0b2-48ac-b58a-8b6f001b0a94,1,1,1,4,0,0,7,0,0,0,1774698557,4
f834f8ca-0de8-11e7-991c-3863bb43a7d0,1,1,1,8,2,1,10,0,0,0,1774698558,6
1921360868231155718,1,1,1,2,0,1,16,0,0,0,1774698559,2
2007420398783036020,1,1,1,9,0,0,11,0,0,0,1774698559,9
f834ba08-0de8-11e7-991c-3863bb43a7d0,1,1,1,2,0,0,15,0,0,0,1774698559,2
42886366-9cbf-432c-ba84-beef38877c87,1,1,1,14,3,0,1,0,0,0,1774698560,11
f834a7d1-0de8-11e7-991c-3863bb43a7d0,1,1,1,1,0,0,18,0,0,0,1774698560,1
8983c75a-12c1-4995-aedc-24c94bd895e3,0,0,0,0,0,0,0,0,,,86400,0
f83491d4-0de8-11e7-991c-3863bb43a7d0,0,0,0,0,0,0,0,0,,,86400,0
cf5f920f-b61d-4db0-b139-14aff04d577c,0,0,0,0,0,0,0,0,,,86400,0
f8352534-0de8-11e7-991c-3863bb43a7d0,0,0,0,0,0,0,0,0,,,86400,0
f834662c-0de8-11e7-991c-3863bb43a7d0,0,0,0,0,0,0,0,0,,,86400,0
8b97606e-a849-4db8-ae9b-4009fe48d90b,0,0,0,0,0,0,0,0,,,86400,0
d7507124-4cab-4063-8445-a59a33a3d6e4,0,0,0,0,0,0,0,0,,,1763482899,0
ef6ef93b-488f-496b-afbf-3aedfd967129,0,0,0,0,0,0,0,0,,,1764521863,0
f8350ecf-0de8-11e7-991c-3863bb43a7d0,0,0,0,0,0,0,0,0,,,1764085859,0
b205d2bb-bb76-49ac-8d14-85eec5a874d3,0,0,0,0,0,0,0,0,,,1763564569,0
1df03e33-c105-4e53-b013-d20056cd57f8,0,0,0,0,0,0,0,0,,,1759242969,0
2119105928286481344,0,0,0,0,0,0,0,0,,,1762789756,0
2118728866631796788,0,0,0,0,0,0,0,0,,,1762454403,0
2040842870122359032,1,1,1,6,0,0,14,0,0,0,1774698430,6
f834e534-0de8-11e7-991c-3863bb43a7d0,1,1,1,13,2,0,5,0,0,0,1774698440,11
f8349440-0de8-11e7-991c-3863bb43a7d0,1,1,1,8,0,0,11,0,0,0,1774698443,8
1965873511294959658,1,1,1,11,2,0,12,0,0,0,1774698438,9
6aebc664-1e3c-479f-8f65-2bae99215ed3,1,1,1,6,1,0,5,0,0,0,1774698447,5
1986302395589722758,1,1,1,5,0,0,6,0,0,0,1774698448,5
ff938129-8179-455c-9ac9-9fcb9fc0b6d5,1,1,1,9,0,1,9,0,0,0,1774698449,9
f834b8b3-0de8-11e7-991c-3863bb43a7d0,1,1,1,19,1,0,0,0,0,0,1774698451,18
b6a8522d-296d-4c05-887d-842374520780,1,1,1,5,1,0,10,0,0,0,1774698505,4
7e1dae55-4d3d-4a41-b969-2aeca70e0e69,1,1,1,9,2,0,2,0,0,0,1774698502,7
f83492b4-0de8-11e7-991c-3863bb43a7d0,1,1,1,12,0,1,2,0,0,0,1774698508,12
23146f28-9762-4a6d-a6db-fcd4ff0e5d07,1,1,1,12,2,0,11,0,0,0,1774698512,10
1994054629753598708,1,1,1,10,2,0,5,0,0,0,1774698513,8
f834b101-0de8-11e7-991c-3863bb43a7d0,1,1,1,7,0,0,14,0,0,0,1774698513,7
8d893519-bc21-4536-b346-f558988bc8ad,1,1,1,10,0,1,4,0,0,0,1774698515,10
7f68a70d-af0e-450a-b7a8-ce621cd0c8c1,1,1,1,3,0,0,16,0,0,0,1774698516,3
868ccc83-99e5-4faf-96eb-e1fae26b9741,1,1,1,12,0,0,7,0,0,0,1774698517,12
f83482d2-0de8-11e7-991c-3863bb43a7d0,1,1,1,8,1,0,23,0,0,0,1774698517,7
f9524971-e9f9-4572-aebc-580e48de042f,1,1,1,7,1,0,12,0,0,0,1774698518,6
270ad97d-035d-472a-9827-76d3187afc56,1,1,1,9,0,1,5,0,0,0,1774698517,9
51bb4381-dae4-4aeb-b213-0614b807be29,1,1,1,17,2,1,1,0,0,0,1774698518,15
baab0b05-a028-4147-8432-a2726c7e48ea,1,1,1,10,0,0,4,0,0,0,1774698524,10
f2b83aa2-86cd-4904-a099-74bf2023f768,1,1,1,4,0,0,11,0,0,0,1774698521,4
0208190e-851c-417d-8bc7-1b218db97fbf,1,1,1,0,0,0,23,0,,,1774698522,0
9bfa4a32-5598-46ea-a1a1-17b4c6ed9d84,1,1,1,13,1,0,2,0,0,0,1774698520,12
2087949096844032050,1,1,1,3,0,0,12,0,0,0,1774698521,3
36f36eed-1070-49be-8b31-5676b8b3489f,1,1,1,0,0,0,19,0,,,1774698478,0
1a661bb7-7d14-49e9-ac3d-22bafec8a2f0,1,1,1,0,0,1,10,0,0,0,1774698473,0
2069389896750516900,1,1,1,5,0,0,15,0,0,0,1774698480,5
8a404180-7c2e-4dbe-9489-c478ed959282,1,1,1,2,1,0,17,0,0,0,1774698485,1
f835288a-0de8-11e7-991c-3863bb43a7d0,1,1,1,9,0,0,6,0,0,0,1774698481,9
f834abfd-0de8-11e7-991c-3863bb43a7d0,1,1,1,6,1,0,13,0,0,0,1774698487,5
1991922092203192944,1,1,1,5,0,1,13,0,0,0,1774698487,5
f8349b20-0de8-11e7-991c-3863bb43a7d0,1,1,1,9,0,0,8,0,0,0,1774698488,9
68e5e79a-3c94-4848-b619-9c0829d7f687,1,1,1,13,0,0,2,0,0,0,1774698488,13
940638c5-7cd0-4a11-899e-86af3868d400,1,1,1,9,3,0,10,0,0,0,1774698491,6
2080205593583047424,1,1,1,1,0,0,14,1,0,0,1774698493,1
f8352b39-0de8-11e7-991c-3863bb43a7d0,1,1,1,5,0,0,10,0,0,0,1774698458,5
9721c80e-fc8f-474f-8918-b68c041d2836,1,1,1,5,0,1,17,0,0,0,1774698459,5
b34694c2-c640-4f70-b196-1c357ab798e0,1,1,1,10,0,0,5,0,0,0,1774698457,10
df03c61a-29d7-445d-9980-d7f058916591,1,1,1,11,0,0,8,0,0,0,1774698455,11
90330e1a-dee5-4914-9d3f-3891aeca12ca,1,1,1,8,1,0,10,0,0,0,1774698455,7
888780ee-bf2f-474e-9622-6bc725aa1b00,1,1,1,5,2,0,6,0,0,0,1774698455,3
1e1b40cd-8e00-4b74-b147-be6b23f5c9e7,1,1,1,6,2,1,8,0,0,0,1774698461,4
f834c7a9-0de8-11e7-991c-3863bb43a7d0,1,1,1,6,0,0,9,0,0,0,1774698465,6
f8346d23-0de8-11e7-991c-3863bb43a7d0,1,1,1,13,2,0,2,0,0,0,1774698468,11
1963613484180639992,1,1,1,15,0,0,4,0,0,0,1774698468,15
dede6d5f-7d62-496e-a8ca-d5a64afe39c1,1,1,1,14,2,0,1,0,0,0,1774698468,12
380de8b2-2728-4e4b-83f1-251bfbb5acf2,1,1,1,9,0,0,10,0,0,0,1774698470,9
2141791438824588162,1,1,1,8,3,0,11,0,0,0,1774698472,5
f8352ba8-0de8-11e7-991c-3863bb43a7d0,1,1,1,1,0,0,14,0,0,0,1774698471,1
61168d8b-20b7-46c8-8f08-6ae1f100c4e0,1,1,1,4,0,0,13,0,0,0,1774698498,4
f834a959-0de8-11e7-991c-3863bb43a7d0,1,1,1,3,0,0,8,0,0,0,1774698495,3
f83497b9-0de8-11e7-991c-3863bb43a7d0,1,1,1,11,0,1,7,0,0,0,1774698495,11
f8350cc1-0de8-11e7-991c-3863bb43a7d0,1,1,1,1,0,0,14,0,0,0,1774698494,1
2027502297316997708,1,1,1,10,3,0,1,0,0,0,1774698494,7
a6e0db4f-fc9b-42af-bfe0-36cc0259b717,1,1,1,1,0,0,15,0,0,0,1774698494,1
f8347c41-0de8-11e7-991c-3863bb43a7d0,1,1,1,0,0,0,15,0,,,1774698498,0
f8347ccd-0de8-11e7-991c-3863bb43a7d0,1,1,1,13,0,2,13,0,0,0,1774698525,13
2088704000370565344,1,1,1,4,1,0,8,0,0,0,1774698525,3
f8346803-0de8-11e7-991c-3863bb43a7d0,1,1,1,7,2,0,12,0,0,0,1774698525,5
2043911250700610106,1,1,1,4,0,1,10,0,0,0,1774698490,4
f834a8a0-0de8-11e7-991c-3863bb43a7d0,1,1,1,26,1,0,5,0,0,0,1774698528,25
f83517fa-0de8-11e7-991c-3863bb43a7d0,1,1,1,5,2,0,10,0,0,0,1774698530,3
d8ce5f8b-2440-45e1-ab1c-23cb3bcbde84,1,1,1,5,1,1,7,0,0,0,1774698526,4
2145094035874873892,1,1,1,5,0,1,13,0,0,0,1774698537,5
d5349097-b478-4b3f-9c46-d8fbcf38e3f4,1,1,1,9,2,0,3,0,0,0,1774698537,7
c5cfd1ed-aa44-4e20-96bb-e334c96f0d68,1,1,1,6,0,0,9,0,0,0,1774698537,6
2085737662370069102,1,1,1,12,1,0,8,0,0,0,1774698536,11
7560f0e3-267b-4fb3-bbfa-6e02010cfcb7,1,1,1,17,2,2,0,0,0,0,1774698533,15
f834f6a3-0de8-11e7-991c-3863bb43a7d0,1,1,1,1,0,0,15,0,0,0,1774698534,1
f8350b76-0de8-11e7-991c-3863bb43a7d0,1,1,1,6,0,1,13,0,0,0,1774698357,6
e4678b17-face-42c3-9b5f-98418d31e3b6,1,1,1,5,2,0,6,0,0,0,1774698531,3
f8347e78-0de8-11e7-991c-3863bb43a7d0,1,1,1,21,1,0,12,0,0,0,1774698537,20
295553ea-851b-4ac2-a094-f9d1208e399a,1,1,1,11,0,1,7,0,0,0,1774698537,11
ad2cf74c-0e8c-4e15-8f19-2259e8c82f0f,1,1,1,9,0,0,7,0,0,0,1774698538,9
aa964f5b-fadf-4fc1-8c91-84ee36e15f0d,1,1,1,11,6,0,5,0,0,0,1774698535,5
f8348622-0de8-11e7-991c-3863bb43a7d0,1,1,1,9,0,0,10,0,0,0,1774698532,9
f8352219-0de8-11e7-991c-3863bb43a7d0,1,1,1,7,4,0,8,0,0,0,1774698540,3
25a9114f-66f0-427c-920f-5526ca84f056,1,1,1,0,0,0,15,0,,,1774698541,0
1994466222105870452,1,1,1,6,0,0,3,0,0,0,1774698541,6
fbc512a5-4b98-4821-bcfb-bb0c7ac83543,1,1,1,5,2,0,14,0,0,0,1774698541,3
99675a11-a92c-465c-bf5a-434b08ba5fc6,1,1,1,35,0,0,17,0,0,0,1774698544,35
48abed77-c9ba-4a39-8a5c-6a1e9bb8a9a5,1,1,1,10,2,2,3,0,0,0,1774698542,8
f83511d4-0de8-11e7-991c-3863bb43a7d0,1,1,1,10,1,0,4,0,0,0,1774698542,9
2085366936904166272,1,1,1,7,0,0,8,0,0,0,1774698543,7
2014865445230483952,1,1,1,14,0,0,3,0,0,0,1774698545,14
d22265a8-a6d7-4922-a6b5-4be738a9e5c4,1,1,1,7,1,1,7,0,0,0,1774698545,6
903b9b5d-4244-43e4-8441-0d17f9a994f7,1,1,1,6,1,0,5,0,0,0,1774698547,5
56817d8e-3a1c-431a-a529-1a600f80c364,1,1,1,23,0,0,4,0,0,0,1774698550,23
f8351f1d-0de8-11e7-991c-3863bb43a7d0,1,1,1,5,1,0,10,0,0,0,1774698550,4
57716f8d-c9ee-4768-8872-71343ec3ffd8,1,1,1,16,0,1,2,0,0,0,1774698551,16
81323081-749c-44cf-ac62-0e6c64305c32,1,1,1,7,1,0,4,0,0,0,1774698550,6
ccf82572-a142-4378-9a4b-5a51fcb4ef81,1,1,1,8,0,0,9,0,0,0,1774698550,8
f83488be-0de8-11e7-991c-3863bb43a7d0,1,1,1,13,0,0,5,0,0,0,1774698550,13
f8347f09-0de8-11e7-991c-3863bb43a7d0,1,1,1,14,2,0,1,0,0,0,1774698553,12
2039109354743046934,1,1,1,13,0,1,6,0,0,0,1774698532,13
2090635592862466836,1,1,1,2,0,0,30,0,0,0,1774698555,2
2090158541932726550,1,1,1,8,1,0,7,0,0,0,1774698557,7
f834723b-0de8-11e7-991c-3863bb43a7d0,1,1,1,0,0,0,23,0,,,1774698557,0
1cced911-b428-4cfd-81be-3a8f77ce7379,1,1,1,10,0,1,4,0,0,0,1774698554,10
f834708e-0de8-11e7-991c-3863bb43a7d0,1,1,1,10,0,0,8,0,0,0,1774698554,10
f834cfd8-0de8-11e7-991c-3863bb43a7d0,1,1,1,3,0,0,16,0,0,0,1774698554,3
2110984374959099994,1,1,1,10,3,2,0,0,0,0,1774698552,7
5b1d2661-8a93-4f14-b242-ebc52792f951,1,1,1,14,0,0,1,0,0,0,1774698552,14
f8346ad7-0de8-11e7-991c-3863bb43a7d0,1,1,1,8,3,0,7,0,0,0,1774698552,5
fe90d430-d33f-48b2-a5cd-bc161b220939,1,1,1,10,1,0,13,0,0,0,1774698557,9
f8346b6f-0de8-11e7-991c-3863bb43a7d0,1,1,1,20,0,0,7,0,0,0,1774698558,20
ea65c25f-0718-4f79-8588-c58b9fe3a105,1,1,1,6,1,2,7,0,0,0,1774698558,5
f83513a7-0de8-11e7-991c-3863bb43a7d0,1,1,1,16,0,0,3,0,0,0,1774698559,16
5f726a7d-5c5d-48b1-9b13-06c77572a237,0,0,0,0,0,0,0,0,,,1764519144,0
9f54207a-3308-43bd-b45c-9042b6389598,0,0,0,0,0,0,0,0,,,1763393734,0
ef54374b-0406-4b17-b0a1-847f1d7bea06,0,0,0,0,0,0,0,0,,,1764179518,0
2107991976288962746,0,0,0,0,0,0,0,0,,,1764606492,0
2141932795355773712,0,0,0,0,0,0,0,0,,,1762533826,0
2fd22786-dfeb-4126-a906-4f01802087f3,0,0,0,0,0,0,0,0,,,86400,0
5afe91c4-8076-4f9f-b83b-cf233bda2331,0,0,0,0,0,0,0,0,,,86400,0
2038619205667946906,0,0,0,0,0,0,0,0,,,1773345923,0
2103549125054737064,1,1,1,9,0,0,7,0,0,0,1774698403,9
b995a0b4-fc26-4661-9bc8-e166d648edfd,1,0,0,0,0,3,12,0,0,0,1774634025,0
70f20fcb-8e63-4015-9007-b97c525ab0a9,1,0,0,0,0,8,5,0,0,0,1774648075,0
2072145327190878794,1,1,1,10,2,0,10,0,0,0,1774698438,8
1975886280004030604,1,1,1,8,0,0,13,1,0,0,1774698439,8
7ec0c53c-876a-419c-a78b-4edd000bbc9a,1,1,1,19,1,0,0,0,0,0,1774698441,18
02a4416f-80b4-4472-accd-5db482ed5b6d,1,1,1,16,0,1,2,0,0,0,1774698446,16
f8352c92-0de8-11e7-991c-3863bb43a7d0,1,1,1,4,0,0,14,0,0,0,1774698452,4
f834b5d9-0de8-11e7-991c-3863bb43a7d0,1,1,1,11,2,0,4,0,0,0,1774698452,9
f8349c69-0de8-11e7-991c-3863bb43a7d0,1,1,1,16,0,0,3,0,0,0,1774698457,16
f834fd36-0de8-11e7-991c-3863bb43a7d0,1,1,1,19,0,0,4,0,0,0,1774698453,19
1960693490199507164,1,1,1,11,0,1,7,0,0,0,1774698460,11
53a148ca-ac69-4a9c-a986-9a4b4df2f5df,1,1,1,9,1,0,6,0,0,0,1774698470,8
510239fe-69c3-458b-b53c-6ce001845f4a,1,1,1,2,1,0,13,0,0,0,1774698466,1
93911aa1-b5e4-48aa-a2b6-38fbcf613006,1,1,1,9,0,0,10,0,0,0,1774698463,9
20b0b405-54ba-4a80-b89c-0819772665db,1,1,1,8,0,0,7,0,0,0,1774698464,8
0adccd89-1d8d-44da-9f7c-5f18acafeddf,1,1,1,2,1,0,13,0,0,0,1774698464,1
2113200093114979090,1,1,1,1,0,0,15,0,0,0,1774698464,1
ce55d1b1-4267-40a9-ad44-5eab888ce18a,1,1,1,0,0,0,23,0,,,1774698472,0
5018e851-f2f3-4e18-9914-c316bbcc2c3d,1,1,1,1,0,2,11,0,0,0,1774698472,1
40e58976-02cc-4c7c-911f-7a6c97588bfa,1,1,1,4,2,1,15,0,0,0,1774698475,2
f8348481-0de8-11e7-991c-3863bb43a7d0,1,1,1,5,5,0,13,0,0,0,1774698470,0
f83523e3-0de8-11e7-991c-3863bb43a7d0,1,1,1,7,0,0,8,0,0,0,1774698472,7
f8351019-0de8-11e7-991c-3863bb43a7d0,1,1,1,6,2,0,13,0,0,0,1774698479,4
2136942888571742916,1,1,1,13,0,0,2,0,0,0,1774698479,13
54d86d05-b399-42c5-a63a-a97713afc5d4,1,1,1,5,3,0,6,0,0,0,1774698481,2
103a9881-e30a-4d57-b81d-863b995ff759,1,1,1,10,0,0,5,0,0,0,1774698477,10
533620e8-00ff-494a-b288-bd67602bc98e,1,1,1,1,0,1,25,0,0,0,1774698482,1
2327cb08-fa9f-459b-9ab0-1a319b0f2f4c,1,1,1,6,1,0,13,0,0,0,1774698480,5
f83494b4-0de8-11e7-991c-3863bb43a7d0,1,1,1,18,5,1,0,0,0,0,1774698480,13
f834e244-0de8-11e7-991c-3863bb43a7d0,1,1,1,7,2,2,6,0,0,0,1774698489,5
f8349ba9-0de8-11e7-991c-3863bb43a7d0,1,1,1,9,5,1,9,0,0,0,1774698487,4
f83464e4-0de8-11e7-991c-3863bb43a7d0,1,1,1,2,0,0,13,0,0,0,1774698488,2
ec3eea05-a3ff-43c6-9e24-0c63f09b915f,1,1,1,16,0,0,2,0,0,0,1774698488,16
abefafdc-c772-4671-86fe-fc15a42adebb,1,1,1,4,0,0,19,0,0,0,1774698485,4
5bc7cba9-f0b0-442d-932c-e8c7927d87ce,1,1,1,19,2,0,0,0,0,0,1774698492,17
13918b3b-9ac5-4968-a74d-e40dd3bc952e,1,1,1,1,0,0,17,0,0,0,1774698492,1
9e710d48-51c1-460e-a027-3d16bde62b13,1,1,1,9,0,0,6,0,0,0,1774698494,9
676ca473-eed6-4971-aaf3-e199a7ca335b,1,1,1,7,1,0,12,0,0,0,1774698499,6
ccd6fdd4-b39e-46d7-b43c-7bacffb6bd87,1,1,1,3,2,0,14,0,0,0,1774698506,1
f834f814-0de8-11e7-991c-3863bb43a7d0,1,1,1,3,1,1,15,0,0,0,1774698505,2
2111712079786088918,1,1,1,5,0,0,9,0,0,0,1774698504,5
f8348136-0de8-11e7-991c-3863bb43a7d0,1,1,1,2,0,0,25,0,0,0,1774698506,2
f8348509-0de8-11e7-991c-3863bb43a7d0,1,1,1,8,0,0,11,0,0,0,1774698508,8
518f6524-0e7f-454d-974e-e3ff9db1f795,1,1,1,11,3,0,0,0,0,0,1774698507,8
a18e1e55-507e-49d8-b7c0-5c0efd959125,1,1,1,8,1,0,11,0,0,0,1774698511,7
2038239468396569074,1,1,1,21,1,0,10,0,0,0,1774698507,20
f83516b8-0de8-11e7-991c-3863bb43a7d0,1,1,1,9,0,1,9,0,0,0,1774698515,9
342a2c60-71b0-4d19-98d6-47987cf20dbc,1,1,1,12,1,0,3,0,0,0,1774698516,11
36a8fbc8-6069-4a29-bbfd-63a2d019c9a5,1,1,1,5,0,0,14,0,0,0,1774698522,5
2071632496372113488,1,1,1,11,1,0,9,0,0,0,1774698521,10
83183df0-38c2-4ae8-a0c4-4b59599c9582,1,1,1,5,1,0,9,0,0,0,1774698520,4
2029805507281123700,1,1,1,3,0,1,15,0,0,0,1774698523,3
f8346768-0de8-11e7-991c-3863bb43a7d0,1,1,1,3,0,0,11,0,0,0,1774698530,3
0f554e1d-9f0f-452d-9b4a-e00aa2c5911e,1,1,1,8,0,0,7,0,0,0,1774698531,8
2043912031919765854,1,1,1,5,0,1,14,0,0,0,1774698530,5
2071993292066931472,1,1,1,12,0,0,8,0,0,0,1774698532,12
f8346894-0de8-11e7-991c-3863bb43a7d0,1,1,1,14,1,1,0,0,0,0,1774698527,13
f24a573e-ef07-4785-9270-70c443510ea6,1,1,1,5,1,0,10,0,0,0,1774698528,4
f8351336-0de8-11e7-991c-3863bb43a7d0,1,1,1,13,0,0,2,0,0,0,1774698529,13
1997031579059661288,1,1,1,10,3,0,1,0,0,0,1774698530,7
f35de2ab-979e-42d5-8cbd-dc479ed637e9,1,1,1,4,1,0,8,0,0,0,1774698538,3
f6df6c1a-064f-428a-951c-2069a081b9df,1,1,1,0,0,2,16,0,0,0,1774698538,0
f8348995-0de8-11e7-991c-3863bb43a7d0,1,1,1,12,1,0,7,0,0,0,1774698538,11
f8347118-0de8-11e7-991c-3863bb43a7d0,1,1,1,16,0,0,31,0,0,0,1774698533,16
1944724820826878816,1,1,1,6,1,0,11,0,0,0,1774698534,5
e68655be-23d3-46e5-a509-25be677e7542,1,1,1,10,0,0,1,0,0,0,1774698534,10
f83486ab-0de8-11e7-991c-3863bb43a7d0,1,1,1,3,1,0,12,0,0,0,1774698534,2
0839bb10-e876-4198-95e4-0147a561853d,1,1,1,13,1,0,1,1,0,0,1774698535,12
2057166010169469732,1,1,1,1,0,0,14,0,0,0,1774698535,1
f834952a-0de8-11e7-991c-3863bb43a7d0,1,1,1,18,0,0,5,0,0,0,1774698535,18
9ca92778-9101-48df-90ea-08b784e26a1a,1,1,1,19,1,0,0,0,0,0,1774698540,18
42a3ecca-af9a-4556-90ba-7631546f96f8,1,1,1,7,0,0,4,0,0,0,1774698541,7
ddcc8869-b8d4-483c-b9da-457fcebc8dc1,1,1,1,14,1,1,4,0,0,0,1774698539,13
f834e1b2-0de8-11e7-991c-3863bb43a7d0,1,1,1,6,0,3,9,0,0,0,1774698543,6
b23674a7-15a8-46d2-8219-6668acecf24a,1,1,1,1,0,0,17,0,0,0,1774698541,1
287aedf5-0361-47e9-9de0-14ae3b75cc0d,1,1,1,17,0,0,4,0,0,0,1774698541,17
2ba0c5dd-c990-4434-8a84-5c3eca23f096,1,1,1,11,1,0,8,0,0,0,1774698547,10
f834b42d-0de8-11e7-991c-3863bb43a7d0,1,1,1,5,0,1,19,0,0,0,1774698546,5
f36e24cd-de4c-4a5e-adf4-cb97ccd2958d,1,1,1,10,1,0,1,0,0,0,1774698546,9
f834b49d-0de8-11e7-991c-3863bb43a7d0,1,0,0,0,0,16,3,0,0,0,1774599651,0
f83524c0-0de8-11e7-991c-3863bb43a7d0,1,1,1,7,0,0,8,0,0,0,1774698549,7
f8349745-0de8-11e7-991c-3863bb43a7d0,1,1,1,7,0,1,7,0,0,0,1774698550,7
ba634139-d7bf-448f-aac4-25995d36b67b,1,1,1,13,5,1,1,0,0,0,1774698555,8
2170342425741020744,1,1,1,15,1,0,2,0,0,0,1774698551,14
c1ae49bd-2a20-4684-886b-ead8dd627cfd,1,1,1,5,0,0,12,0,0,0,1774698551,5
f834cf45-0de8-11e7-991c-3863bb43a7d0,1,1,1,15,2,0,8,0,0,0,1774698553,13
2078337213380274244,1,1,1,1,0,0,10,0,0,0,1774698554,1
2070180968009321294,1,1,1,12,0,0,9,0,0,0,1774698552,12
f8349824-0de8-11e7-991c-3863bb43a7d0,1,1,1,6,1,0,9,0,0,0,1774698554,5
13444449-b3a8-43d2-b8b9-a59fbc59a174,1,1,1,8,1,0,7,0,0,0,1774698555,7
2113555008851845550,1,1,1,9,2,0,11,0,0,0,1774698466,7
f83510fd-0de8-11e7-991c-3863bb43a7d0,1,1,1,12,0,0,11,0,0,0,1774698551,12
d7ec834e-9d9a-402c-9956-7d5f42676b94,1,1,1,0,0,0,15,0,,,1774698557,0
dfdaf866-b814-48e5-9bd3-eb7c4a733697,1,1,1,3,0,0,15,0,0,0,1774698557,3
ff6ed364-8676-45a0-b97f-71025683849e,1,1,1,6,0,0,9,0,0,0,1774698558,6
bb27977d-36c1-496d-8bac-631b612dd7b8,1,1,1,7,1,0,8,0,0,0,1774698558,6
350e73e3-6f70-4b2d-87ab-24c8629e9a6a,1,1,1,2,0,0,17,0,0,0,1774698559,2
