date,trip_count
2018-05-01,5724
2018-05-02,6782
2018-05-03,5990
2018-05-04,5507
2018-05-05,5513
2018-05-06,3428
2018-05-07,5909
2018-05-08,6290
2018-05-09,6414
2018-05-10,6510
2018-05-11,6961
2018-05-12,1858
2018-05-13,3601
2018-05-14,6762
2018-05-15,4898
2018-05-16,6164
2018-05-17,6955
2018-05-18,6930
2018-05-19,2188
2018-05-20,4123
2018-05-21,7214
2018-05-22,5489
2018-05-23,7472
2018-05-24,7393
2018-05-25,7325
2018-05-26,5231
2018-05-27,2726
2018-05-28,3390
2018-05-29,7237
2018-05-30,7317
2018-05-31,7321
2018-06-01,6553
2018-06-02,4750
2018-06-03,5165
2018-06-04,2851
2018-06-05,5677
2018-06-06,6993
2018-06-07,7514
2018-06-08,7750
2018-06-09,6381
2018-06-10,6088
2018-06-11,7234
2018-06-12,8068
2018-06-13,7352
2018-06-14,7916
2018-06-15,6954
2018-06-16,6316
2018-06-17,5682
2018-06-18,6584
2018-06-19,7839
2018-06-20,8453
2018-06-21,8621
2018-06-22,8523
2018-06-23,4548
2018-06-24,5295
2018-06-25,8001
2018-06-26,9057
2018-06-27,8222
2018-06-28,4321
2018-06-29,7761
2018-06-30,5757
2018-07-01,5175
2018-07-02,7674
2018-07-03,6942
2018-07-04,6424
2018-07-05,6872
2018-07-06,6206
2018-07-07,6780
2018-07-08,6491
2018-07-09,8271
2018-07-10,8201
2018-07-11,9179
2018-07-12,9484
2018-07-13,9158
2018-07-14,7459
2018-07-15,6748
2018-07-16,8793
2018-07-17,4895
2018-07-18,9294
2018-07-19,9437
2018-07-20,9342
2018-07-21,7782
2018-07-22,3420
2018-07-23,7821
2018-07-24,8863
2018-07-25,8016
2018-07-26,7407
2018-07-27,8966
2018-07-28,7404
2018-07-29,7528
2018-07-30,9238
2018-07-31,9736
2018-08-01,9310
2018-08-02,8670
2018-08-03,8220
2018-08-04,4965
2018-08-05,6906
2018-08-06,7939
2018-08-07,8402
2018-08-08,7527
2018-08-09,8400
2018-08-10,8659
2018-08-11,3146
2018-08-12,3644
2018-08-13,5974
2018-08-14,7997
2018-08-15,8704
2018-08-16,8435
2018-08-17,7463
2018-08-18,4959
2018-08-19,6680
2018-08-20,8513
2018-08-21,8863
2018-08-22,6507
2018-08-23,8913
2018-08-24,8382
2018-08-25,7224
2018-08-26,6824
2018-08-27,8100
2018-08-28,8231
2018-08-29,7836
2018-08-30,8589
2018-08-31,8613
2018-09-01,6560
2018-09-02,7490
2018-09-03,6719
2018-09-04,9282
2018-09-05,9502
2018-09-06,7475
2018-09-07,9621
2018-09-08,7404
2018-09-09,6419
2018-09-10,5910
2018-09-11,8283
2018-09-12,7349
2018-09-13,9111
2018-09-14,9846
2018-09-15,7995
2018-09-16,7801
2018-09-17,9275
2018-09-18,5951
2018-09-19,8403
2018-09-20,9098
2018-09-21,9405
2018-09-22,7723
2018-09-23,6563
2018-09-24,7692
2018-09-25,4030
2018-09-26,8636
2018-09-27,9020
2018-09-28,5603
2018-09-29,7524
2018-09-30,7148
2018-10-01,6613
2018-10-02,4858
2018-10-03,7847
2018-10-04,8712
2018-10-05,8561
2018-10-06,6581
2018-10-07,5516
2018-10-08,5439
2018-10-09,8746
2018-10-10,9337
2018-10-11,5682
2018-10-12,7144
2018-10-13,3947
2018-10-14,5658
2018-10-15,7087
2018-10-16,7826
2018-10-17,7607
2018-10-18,6456
2018-10-19,7502
2018-10-20,6745
2018-10-21,4041
2018-10-22,6386
2018-10-23,5793
2018-10-24,6303
2018-10-25,6690
2018-10-26,6427
2018-10-27,755
2018-10-28,4076
2018-10-29,5138
2018-10-30,6801
2018-10-31,7383
2018-11-01,7058
2018-11-02,6247
2018-11-03,3212
2018-11-04,4696
2018-11-05,5043
2018-11-06,4468
2018-11-07,7653
2018-11-08,7034
2018-11-09,5302
2018-11-10,3078
2018-11-11,3172
2018-11-12,5173
2018-11-13,3300
2018-11-14,4818
2018-11-15,4483
2018-11-16,2865
2018-11-17,3508
2018-11-18,2970
2018-11-19,3417
2018-11-20,2270
2018-11-21,3222
2018-11-22,545
2018-11-23,1251
2018-11-24,1915
2018-11-25,1610
2018-11-26,3276
2018-11-27,4481
2018-11-28,4970
2018-11-29,4788
2018-11-30,4682
2018-12-01,3169
2018-12-02,1433
2018-12-03,5105
2018-12-04,4366
2018-12-05,4161
2018-12-06,4290
2018-12-07,3965
2018-12-08,1956
2018-12-09,1831
2018-12-10,3911
2018-12-11,4125
2018-12-12,4008
2018-12-13,3846
2018-12-14,4149
2018-12-15,2785
2018-12-16,1494
2018-12-17,3358
2018-12-18,2933
2018-12-19,3452
2018-12-20,3763
2018-12-21,1286
2018-12-22,1514
2018-12-23,1045
2018-12-24,974
2018-12-25,592
2018-12-26,1304
2018-12-27,1672
2018-12-28,868
2018-12-29,1483
2018-12-30,937
2018-12-31,1532
2019-01-01,1277
2019-01-02,2617
2019-01-03,2988
2019-01-04,3379
2019-01-05,773
2019-01-06,1612
2019-01-07,2835
2019-01-08,2967
2019-01-09,3370
2019-01-10,3314
2019-01-11,2621
2019-01-12,1225
2019-01-13,1149
2019-01-14,2985
2019-01-15,3288
2019-01-16,3536
2019-01-17,3112
2019-01-18,3274
2019-01-19,1370
2019-01-20,0
2019-01-21,145
2019-01-22,923
2019-01-23,1794
2019-01-24,1486
2019-01-25,3007
2019-01-26,1711
2019-01-27,1894
2019-01-28,3250
2019-01-29,3220
2019-01-30,2543
2019-01-31,1627
2019-02-01,2192
2019-02-02,1568
2019-02-03,2063
2019-02-04,4741
2019-02-05,5795
2019-02-06,4032
2019-02-07,3722
2019-02-08,3836
2019-02-09,1810
2019-02-10,1951
2019-02-11,3780
2019-02-12,2154
2019-02-13,2624
2019-02-14,3612
2019-02-15,3375
2019-02-16,2317
2019-02-17,2065
2019-02-18,948
2019-02-19,2782
2019-02-20,3147
2019-02-21,2888
2019-02-22,3734
2019-02-23,2398
2019-02-24,1073
2019-02-25,2880
2019-02-26,3034
2019-02-27,2967
2019-02-28,2323
2019-03-01,3181
2019-03-02,832
2019-03-03,1841
2019-03-04,1254
2019-03-05,2709
2019-03-06,2606
2019-03-07,2753
2019-03-08,2858
2019-03-09,2077
2019-03-10,665
2019-03-11,3716
2019-03-12,3848
2019-03-13,3871
2019-03-14,4474
2019-03-15,4527
2019-03-16,2678
2019-03-17,2281
2019-03-18,3757
2019-03-19,4096
2019-03-20,4493
2019-03-21,4417
2019-03-22,2006
2019-03-23,2249
2019-03-24,3523
2019-03-25,4543
2019-03-26,4361
2019-03-27,4402
2019-03-28,4822
2019-03-29,4153
2019-03-30,5744
2019-03-31,2593
2019-04-01,4649
2019-04-02,5459
2019-04-03,4882
2019-04-04,5322
2019-04-05,4849
2019-04-06,6068
2019-04-07,5589
2019-04-08,2765
2019-04-09,4420
2019-04-10,5078
2019-04-11,6117
2019-04-12,5694
2019-04-13,6900
2019-04-14,6363
2019-04-15,4554
2019-04-16,6439
2019-04-17,7187
2019-04-18,5509
2019-04-19,7369
2019-04-20,3578
2019-04-21,5283
2019-04-22,3479
2019-04-23,6205
2019-04-24,7875
2019-04-25,8253
2019-04-26,3348
2019-04-27,4580
2019-04-28,4012
2019-04-29,7319
2019-04-30,5689
2019-05-01,7183
2019-05-02,5419
2019-05-03,6029
2019-05-04,5302
2019-05-05,4585
2019-05-06,7808
2019-05-07,7779
2019-05-08,8842
2019-05-09,8329
2019-05-10,7056
2019-05-11,7979
2019-05-12,1446
2019-05-13,5173
2019-05-14,4774
2019-05-15,7876
2019-05-16,8679
2019-05-17,5776
2019-05-18,8796
2019-05-19,5789
2019-05-20,8373
2019-05-21,9344
2019-05-22,8943
2019-05-23,8180
2019-05-24,7853
2019-05-25,7576
2019-05-26,7595
2019-05-27,8055
2019-05-28,4496
2019-05-29,7548
2019-05-30,8502
2019-05-31,9371
2019-06-01,7287
2019-06-02,6820
2019-06-03,9250
2019-06-04,9951
2019-06-05,10405
2019-06-06,9928
2019-06-07,10793
2019-06-08,9426
2019-06-09,8747
2019-06-10,10027
2019-06-11,7969
2019-06-12,11676
2019-06-13,4472
2019-06-14,10355
2019-06-15,9282
2019-06-16,3587
2019-06-17,10596
2019-06-18,7895
2019-06-19,10909
2019-06-20,7013
2019-06-21,8582
2019-06-22,9554
2019-06-23,9764
2019-06-24,10550
2019-06-25,8328
2019-06-26,11352
2019-06-27,11579
2019-06-28,10996
2019-06-29,7026
2019-06-30,6325
2019-07-01,10766
2019-07-02,11095
2019-07-03,10281
2019-07-04,10725
2019-07-05,8034
2019-07-06,5276
2019-07-07,9096
2019-07-08,11082
2019-07-09,11358
2019-07-10,11089
2019-07-11,11280
2019-07-12,8702
2019-07-13,9735
2019-07-14,9215
2019-07-15,11411
2019-07-16,12089
2019-07-17,9111
2019-07-18,10071
2019-07-19,11095
2019-07-20,6669
2019-07-21,7121
2019-07-22,9480
2019-07-23,7892
2019-07-24,12734
2019-07-25,13074
2019-07-26,12287
2019-07-27,9932
2019-07-28,8929
2019-07-29,11205
2019-07-30,11934
2019-07-31,10029
2019-08-01,12949
2019-08-02,12223
2019-08-03,9341
2019-08-04,9670
2019-08-05,12203
2019-08-06,12514
2019-08-07,11055
2019-08-08,11711
2019-08-09,11879
2019-08-10,11169
2019-08-11,9833
2019-08-12,11709
2019-08-13,11130
2019-08-14,12013
2019-08-15,12080
2019-08-16,11504
2019-08-17,9161
2019-08-18,8258
2019-08-19,9369
2019-08-20,11444
2019-08-21,9491
2019-08-22,11206
2019-08-23,10714
2019-08-24,9795
2019-08-25,8191
2019-08-26,10841
2019-08-27,11764
2019-08-28,7530
2019-08-29,11986
2019-08-30,11586
2019-08-31,9215
2019-09-01,9588
2019-09-02,6797
2019-09-03,13281
2019-09-04,11759
2019-09-05,13565
2019-09-06,12783
2019-09-07,9589
2019-09-08,10562
2019-09-09,13084
2019-09-10,13027
2019-09-11,13585
2019-09-12,10535
2019-09-13,13040
2019-09-14,8633
2019-09-15,10756
2019-09-16,12797
2019-09-17,13347
2019-09-18,13215
2019-09-19,13469
2019-09-20,14137
2019-09-21,12223
2019-09-22,11154
2019-09-23,13137
2019-09-24,13343
2019-09-25,13447
2019-09-26,10874
2019-09-27,13909
2019-09-28,11757
2019-09-29,10545
2019-09-30,11926
2019-10-01,12126
2019-10-02,9043
2019-10-03,11441
2019-10-04,11683
2019-10-05,9209
2019-10-06,8530
2019-10-07,11386
2019-10-08,11344
2019-10-09,9098
2019-10-10,9426
2019-10-11,5702
2019-10-12,6675
2019-10-13,9774
2019-10-14,9937
2019-10-15,11686
2019-10-16,10876
2019-10-17,9200
2019-10-18,10900
2019-10-19,9935
2019-10-20,8825
2019-10-21,11614
2019-10-22,10567
2019-10-23,10142
2019-10-24,12128
2019-10-25,11803
2019-10-26,9608
2019-10-27,2119
2019-10-28,9029
2019-10-29,10492
2019-10-30,10264
2019-10-31,8685
2019-11-01,10455
2019-11-02,8506
2019-11-03,7130
2019-11-04,9845
2019-11-05,8222
2019-11-06,10339
2019-11-07,7622
2019-11-08,6727
2019-11-09,4843
2019-11-10,5732
2019-11-11,7791
2019-11-12,6441
2019-11-13,5879
2019-11-14,7009
2019-11-15,8386
2019-11-16,4821
2019-11-17,3983
2019-11-18,4686
2019-11-19,6138
2019-11-20,5089
2019-11-21,8358
2019-11-22,6942
2019-11-23,5432
2019-11-24,1411
2019-11-25,7861
2019-11-26,8331
2019-11-27,5569
2019-11-28,1434
2019-11-29,2531
2019-11-30,2160
2019-12-01,1747
2019-12-02,1780
2019-12-03,1670
2019-12-04,4404
2019-12-05,5747
2019-12-06,4856
2019-12-07,3229
2019-12-08,2926
2019-12-09,3330
2019-12-10,5805
2019-12-11,4007
2019-12-12,5228
2019-12-13,4951
2019-12-14,2785
2019-12-15,3201
2019-12-16,5018
2019-12-17,1881
2019-12-18,4004
2019-12-19,2985
2019-12-20,2904
2019-12-21,1649
2019-12-22,1640
2019-12-23,3084
2019-12-24,1686
2019-12-25,787
2019-12-26,1822
2019-12-27,2151
2019-12-28,2128
2019-12-29,1778
2019-12-30,658
2019-12-31,1808
2020-01-01,1517
2020-01-02,3751
2020-01-03,4313
2020-01-04,1436
2020-01-05,1911
2020-01-06,4494
2020-01-07,5054
2020-01-08,4642
2020-01-09,4061
2020-01-10,5068
2020-01-11,5272
2020-01-12,4875
2020-01-13,4624
2020-01-14,5466
2020-01-15,5968
2020-01-16,4257
2020-01-17,3037
2020-01-18,1466
2020-01-19,1644
2020-01-20,2100
2020-01-21,3937
2020-01-22,4704
2020-01-23,5265
2020-01-24,5307
2020-01-25,2438
2020-01-26,3656
2020-01-27,5773
2020-01-28,5610
2020-01-29,5568
2020-01-30,5179
2020-01-31,5515
2020-02-01,3442
2020-02-02,3636
2020-02-03,6136
2020-02-04,6392
2020-02-05,6204
2020-02-06,3317
2020-02-07,3514
2020-02-08,2807
2020-02-09,2699
2020-02-10,4282
2020-02-11,4428
2020-02-12,6426
2020-02-13,4392
2020-02-14,4347
2020-02-15,2284
2020-02-16,2878
2020-02-17,4100
2020-02-18,3583
2020-02-19,5704
2020-02-20,5039
2020-02-21,4443
2020-02-22,3931
2020-02-23,5003
2020-02-24,7116
2020-02-25,6674
2020-02-26,6476
2020-02-27,4642
2020-02-28,5409
2020-02-29,3216
2020-03-01,2789
2020-03-02,6068
2020-03-03,7593
2020-03-04,6548
2020-03-05,7129
2020-03-06,5687
2020-03-07,2463
2020-03-08,4085
2020-03-09,8591
2020-03-10,7806
2020-03-11,6753
2020-03-12,5384
2020-03-13,3250
2020-03-14,3900
2020-03-15,2958
2020-03-16,2213
2020-03-17,1701
2020-03-18,2598
2020-03-19,784
2020-03-20,2599
2020-03-21,2585
2020-03-22,1373
2020-03-23,655
2020-03-24,1294
2020-03-25,1080
2020-03-26,1581
2020-03-27,2157
2020-03-28,2324
2020-03-29,328
2020-03-30,717
2020-03-31,1295
2020-04-01,1154
2020-04-02,667
2020-04-03,381
2020-04-04,2025
2020-04-05,1984
2020-04-06,1876
2020-04-07,1933
2020-04-08,1206
2020-04-09,581
2020-04-10,1141
2020-04-11,2224
2020-04-12,2656
2020-04-13,318
2020-04-14,1994
2020-04-15,1449
2020-04-16,1340
2020-04-17,1555
2020-04-18,662
2020-04-19,3655
2020-04-20,1400
2020-04-21,837
2020-04-22,1119
2020-04-23,2034
2020-04-24,797
2020-04-25,4201
2020-04-26,991
2020-04-27,348
2020-04-28,1640
2020-04-29,2063
2020-04-30,1349
2020-05-01,1414
2020-05-02,4908
2020-05-03,5819
2020-05-04,2464
2020-05-05,2614
2020-05-06,2130
2020-05-07,2839
2020-05-08,1984
2020-05-09,1415
2020-05-10,2681
2020-05-11,1342
2020-05-12,2443
2020-05-13,2923
2020-05-14,4101
2020-05-15,3429
2020-05-16,5842
2020-05-17,4613
2020-05-18,2739
2020-05-19,3161
2020-05-20,3645
2020-05-21,4622
2020-05-22,5678
2020-05-23,3768
2020-05-24,5249
2020-05-25,4237
2020-05-26,4826
2020-05-27,5044
2020-05-28,4327
2020-05-29,4849
2020-05-30,7342
2020-05-31,7697
2020-06-01,4082
2020-06-02,4744
2020-06-03,5140
2020-06-04,5431
2020-06-05,5279
2020-06-06,5800
2020-06-07,6264
2020-06-08,5800
2020-06-09,5467
2020-06-10,5818
2020-06-11,3257
2020-06-12,7266
2020-06-13,9118
2020-06-14,8131
2020-06-15,5528
2020-06-16,6483
2020-06-17,6742
2020-06-18,6835
2020-06-19,7764
2020-06-20,8128
2020-06-21,7005
2020-06-22,6368
2020-06-23,6857
2020-06-24,6315
2020-06-25,7618
2020-06-26,8302
2020-06-27,7024
2020-06-28,4688
2020-06-29,4578
2020-06-30,5293
2020-07-01,6357
2020-07-02,7938
2020-07-03,7957
2020-07-04,9420
2020-07-05,7816
2020-07-06,7259
2020-07-07,7441
2020-07-08,6855
2020-07-09,7779
2020-07-10,7679
2020-07-11,10083
2020-07-12,8880
2020-07-13,6940
2020-07-14,6568
2020-07-15,8697
2020-07-16,8915
2020-07-17,8231
2020-07-18,9685
2020-07-19,7468
2020-07-20,6976
2020-07-21,8264
2020-07-22,7562
2020-07-23,6504
2020-07-24,10240
2020-07-25,11556
2020-07-26,8867
2020-07-27,7180
2020-07-28,7638
2020-07-29,8975
2020-07-30,8473
2020-07-31,10460
2020-08-01,11707
2020-08-02,8048
2020-08-03,8319
2020-08-04,6188
2020-08-05,9296
2020-08-06,9689
2020-08-07,9835
2020-08-08,11775
2020-08-09,9408
2020-08-10,8095
2020-08-11,8602
2020-08-12,8763
2020-08-13,9294
2020-08-14,10173
2020-08-15,10217
2020-08-16,6455
2020-08-17,8735
2020-08-18,9438
2020-08-19,8334
2020-08-20,10076
2020-08-21,10387
2020-08-22,10215
2020-08-23,7235
2020-08-24,8996
2020-08-25,9599
2020-08-26,10407
2020-08-27,6869
2020-08-28,11077
2020-08-29,6688
2020-08-30,11050
2020-08-31,9433
2020-09-01,9799
2020-09-02,5893
2020-09-03,9090
2020-09-04,11544
2020-09-05,12798
2020-09-06,12342
2020-09-07,11543
2020-09-08,9945
2020-09-09,9800
2020-09-10,6304
2020-09-11,10852
2020-09-12,14101
2020-09-13,10916
2020-09-14,9318
2020-09-15,9276
2020-09-16,9575
2020-09-17,9980
2020-09-18,10447
2020-09-19,12335
2020-09-20,8887
2020-09-21,7878
2020-09-22,8177
2020-09-23,9910
2020-09-24,10252
2020-09-25,11606
2020-09-26,13870
2020-09-27,10668
2020-09-28,8605
2020-09-29,9621
2020-09-30,8018
2020-10-01,10212
2020-10-02,9823
2020-10-03,12161
2020-10-04,9793
2020-10-05,7935
2020-10-06,9225
2020-10-07,7485
2020-10-08,9081
2020-10-09,9441
2020-10-10,13928
2020-10-11,9594
2020-10-12,6312
2020-10-13,2165
2020-10-14,9049
2020-10-15,9643
2020-10-16,5156
2020-10-17,8878
2020-10-18,8445
2020-10-19,7495
2020-10-20,8217
2020-10-21,7610
2020-10-22,8921
2020-10-23,9761
2020-10-24,11022
2020-10-25,7047
2020-10-26,6314
2020-10-27,7184
2020-10-28,3897
2020-10-29,3170
2020-10-30,1637
2020-10-31,4862
2020-11-01,3524
2020-11-02,4499
2020-11-03,5263
2020-11-04,5544
2020-11-05,7290
2020-11-06,8533
2020-11-07,11984
2020-11-08,8981
2020-11-09,6991
2020-11-10,7964
2020-11-11,7595
2020-11-12,5589
2020-11-13,3329
2020-11-14,6863
2020-11-15,4485
2020-11-16,5145
2020-11-17,4988
2020-11-18,3754
2020-11-19,4125
2020-11-20,6494
2020-11-21,7294
2020-11-22,3457
2020-11-23,2349
2020-11-24,4192
2020-11-25,4006
2020-11-26,1427
2020-11-27,3998
2020-11-28,4140
2020-11-29,4174
2020-11-30,2018
2020-12-01,4388
2020-12-02,3549
2020-12-03,3976
2020-12-04,4762
2020-12-05,587
2020-12-06,2682
2020-12-07,3029
2020-12-08,2977
2020-12-09,3152
2020-12-10,3662
2020-12-11,4167
2020-12-12,2010
2020-12-13,4582
2020-12-14,2326
2020-12-15,3016
2020-12-16,2386
2020-12-17,195
2020-12-18,1101
2020-12-19,1147
2020-12-20,993
2020-12-21,1615
2020-12-22,1972
2020-12-23,1958
2020-12-24,1909
2020-12-25,379
2020-12-26,1470
2020-12-27,1480
2020-12-28,2317
2020-12-29,1761
2020-12-30,1853
2020-12-31,2009
2021-01-01,1859
2021-01-02,1690
2021-01-03,1473
2021-01-04,1910
2021-01-05,2017
2021-01-06,2284
2021-01-07,2530
2021-01-08,2575
2021-01-09,2509
2021-01-10,2444
2021-01-11,2442
2021-01-12,2771
2021-01-13,2902
2021-01-14,2223
2021-01-15,2967
2021-01-16,2300
2021-01-17,2774
2021-01-18,3169
2021-01-19,2891
2021-01-20,2846
2021-01-21,2601
2021-01-22,3231
2021-01-23,2700
2021-01-24,1680
2021-01-25,2603
2021-01-26,2522
2021-01-27,1330
2021-01-28,1766
2021-01-29,1361
2021-01-30,1345
2021-01-31,1556
2021-02-01,1382
2021-02-02,852
2021-02-03,2048
2021-02-04,2534
2021-02-05,2611
2021-02-06,3124
2021-02-07,1242
2021-02-08,1469
2021-02-09,1420
2021-02-10,1995
2021-02-11,2375
2021-02-12,2207
2021-02-13,2299
2021-02-14,2051
2021-02-15,1691
2021-02-16,1462
2021-02-17,2344
2021-02-18,2113
2021-02-19,981
2021-02-20,1675
2021-02-21,2193
2021-02-22,1824
2021-02-23,2661
2021-02-24,3456
2021-02-25,3272
2021-02-26,3455
2021-02-27,2004
2021-02-28,3275
2021-03-01,2482
2021-03-02,1827
2021-03-03,3221
2021-03-04,3204
2021-03-05,2758
2021-03-06,3091
2021-03-07,2924
2021-03-08,2916
2021-03-09,4289
2021-03-10,4231
2021-03-11,5620
2021-03-12,6410
2021-03-13,5006
2021-03-14,2936
2021-03-15,1995
2021-03-16,2947
2021-03-17,4376
2021-03-18,2896
2021-03-19,3533
2021-03-20,6864
2021-03-21,7675
2021-03-22,5066
2021-03-23,5496
2021-03-24,5411
2021-03-25,5495
2021-03-26,6343
2021-03-27,9488
2021-03-28,2709
2021-03-29,3998
2021-03-30,5544
2021-03-31,6497
2021-04-01,3352
2021-04-02,4433
2021-04-03,5851
2021-04-04,6089
2021-04-05,4570
2021-04-06,5641
2021-04-07,5902
2021-04-08,6378
2021-04-09,7718
2021-04-10,12158
2021-04-11,6286
2021-04-12,4577
2021-04-13,5841
2021-04-14,6435
2021-04-15,4919
2021-04-16,1167
2021-04-17,4275
2021-04-18,8067
2021-04-19,7432
2021-04-20,8782
2021-04-21,5321
2021-04-22,4612
2021-04-23,6543
2021-04-24,13539
2021-04-25,5996
2021-04-26,5849
2021-04-27,6928
2021-04-28,6696
2021-04-29,3443
2021-04-30,6445
2021-05-01,9889
2021-05-02,10374
2021-05-03,6995
2021-05-04,4366
2021-05-05,3900
2021-05-06,8480
2021-05-07,8990
2021-05-08,8259
2021-05-09,9428
2021-05-10,6496
2021-05-11,8430
2021-05-12,8457
2021-05-13,9237
2021-05-14,10689
2021-05-15,13592
2021-05-16,11061
2021-05-17,8833
2021-05-18,9700
2021-05-19,9853
2021-05-20,10075
2021-05-21,10817
2021-05-22,11860
2021-05-23,10583
2021-05-24,8884
2021-05-25,9237
2021-05-26,9517
2021-05-27,9529
2021-05-28,8730
2021-05-29,2211
2021-05-30,3043
2021-05-31,5095
2021-06-01,8678
2021-06-02,9201
2021-06-03,9281
2021-06-04,8643
2021-06-05,11704
2021-06-06,9953
2021-06-07,8465
2021-06-08,8440
2021-06-09,9527
2021-06-10,11442
2021-06-11,10984
2021-06-12,11697
2021-06-13,12741
2021-06-14,5808
2021-06-15,9004
2021-06-16,11156
2021-06-17,11325
2021-06-18,12208
2021-06-19,12169
2021-06-20,10850
2021-06-21,9871
2021-06-22,7228
2021-06-23,10552
2021-06-24,11855
2021-06-25,11033
2021-06-26,13852
2021-06-27,12041
2021-06-28,9211
2021-06-29,9406
2021-06-30,8757
2021-07-01,8556
2021-07-02,5183
2021-07-03,3264
2021-07-04,6512
2021-07-05,10589
2021-07-06,8403
2021-07-07,9419
2021-07-08,8685
2021-07-09,4788
2021-07-10,12649
2021-07-11,11743
2021-07-12,5872
2021-07-13,10023
2021-07-14,10620
2021-07-15,11755
2021-07-16,10805
2021-07-17,11108
2021-07-18,7126
2021-07-19,8803
2021-07-20,11277
2021-07-21,11368
2021-07-22,11937
2021-07-23,12321
2021-07-24,14913
2021-07-25,9225
2021-07-26,10105
2021-07-27,10957
2021-07-28,10797
2021-07-29,10617
2021-07-30,11776
2021-07-31,13754
2021-08-01,12339
2021-08-02,10798
2021-08-03,11749
2021-08-04,11161
2021-08-05,5554
2021-08-06,12034
2021-08-07,13353
2021-08-08,11921
2021-08-09,10207
2021-08-10,10181
2021-08-11,11827
2021-08-12,10605
2021-08-13,11075
2021-08-14,11959
2021-08-15,13270
2021-08-16,11609
2021-08-17,11597
2021-08-18,11708
2021-08-19,7889
2021-08-20,11313
2021-08-21,14027
2021-08-22,6310
2021-08-23,8571
2021-08-24,10747
2021-08-25,12233
2021-08-26,12101
2021-08-27,13358
2021-08-28,14458
2021-08-29,12214
2021-08-30,12877
2021-08-31,13465
2021-09-01,8735
2021-09-02,11322
2021-09-03,15234
2021-09-04,15935
2021-09-05,12260
2021-09-06,14805
2021-09-07,15187
2021-09-08,14963
2021-09-09,9266
2021-09-10,14301
2021-09-11,17621
2021-09-12,16391
2021-09-13,14077
2021-09-14,14906
2021-09-15,15022
2021-09-16,12748
2021-09-17,14944
2021-09-18,16951
2021-09-19,16294
2021-09-20,13874
2021-09-21,15018
2021-09-22,14834
2021-09-23,14989
2021-09-24,14480
2021-09-25,17884
2021-09-26,15815
2021-09-27,13597
2021-09-28,8627
2021-09-29,13544
2021-09-30,13679
2021-10-01,14814
2021-10-02,16505
2021-10-03,13613
2021-10-04,6172
2021-10-05,10963
2021-10-06,14561
2021-10-07,14245
2021-10-08,15792
2021-10-09,14485
2021-10-10,14148
2021-10-11,14601
2021-10-12,14119
2021-10-13,14596
2021-10-14,14777
2021-10-15,15894
2021-10-16,17465
2021-10-17,13790
2021-10-18,11911
2021-10-19,13075
2021-10-20,14035
2021-10-21,14523
2021-10-22,15298
2021-10-23,16223
2021-10-24,13548
2021-10-25,6257
2021-10-26,5402
2021-10-27,4741
2021-10-28,10429
2021-10-29,11127
2021-10-30,6504
2021-10-31,10823
2021-11-01,10822
2021-11-02,10928
2021-11-03,10897
2021-11-04,10307
2021-11-05,10488
2021-11-06,10796
2021-11-07,9746
2021-11-08,9419
2021-11-09,11124
2021-11-10,11387
2021-11-11,10760
2021-11-12,5872
2021-11-13,11095
2021-11-14,8613
2021-11-15,8052
2021-11-16,8650
2021-11-17,8878
2021-11-18,11164
2021-11-19,9452
2021-11-20,8052
2021-11-21,7661
2021-11-22,6534
2021-11-23,6703
2021-11-24,5403
2021-11-25,3748
2021-11-26,2799
2021-11-27,3439
2021-11-28,3854
2021-11-29,5624
2021-11-30,6471
2021-12-01,7238
2021-12-02,7501
2021-12-03,7267
2021-12-04,6897
2021-12-05,6696
2021-12-06,6452
2021-12-07,5358
2021-12-08,6281
2021-12-09,5422
2021-12-10,6510
2021-12-11,4638
2021-12-12,6004
2021-12-13,6051
2021-12-14,6667
2021-12-15,6163
2021-12-16,6131
2021-12-17,7340
2021-12-18,3517
2021-12-19,2376
2021-12-20,3065
2021-12-21,3772
2021-12-22,2818
2021-12-23,2562
2021-12-24,1399
2021-12-25,463
2021-12-26,1382
2021-12-27,2165
2021-12-28,2390
2021-12-29,2837
2021-12-30,2169
2021-12-31,2712
2022-01-01,2075
2022-01-02,1923
2022-01-03,2600
2022-01-04,2662
2022-01-05,2599
2022-01-06,3520
2022-01-07,1087
2022-01-08,1438
2022-01-09,1659
2022-01-10,2603
2022-01-11,1666
2022-01-12,2609
2022-01-13,3887
2022-01-14,3640
2022-01-15,1510
2022-01-16,1769
2022-01-17,2245
2022-01-18,3145
2022-01-19,3945
2022-01-20,3566
2022-01-21,3061
2022-01-22,2682
2022-01-23,2947
2022-01-24,3360
2022-01-25,4092
2022-01-26,3903
2022-01-27,3537
2022-01-28,4541
2022-01-29,838
2022-01-30,0
2022-01-31,1929
2022-02-01,2915
2022-02-02,3830
2022-02-03,3639
2022-02-04,1548
2022-02-05,1698
2022-02-06,2284
2022-02-07,3193
2022-02-08,3860
2022-02-09,5024
2022-02-10,5409
2022-02-11,5954
2022-02-12,7642
2022-02-13,2211
2022-02-14,2600
2022-02-15,3409
2022-02-16,4519
2022-02-17,6299
2022-02-18,5028
2022-02-19,3736
2022-02-20,3227
2022-02-21,5614
2022-02-22,4406
2022-02-23,6663
2022-02-24,4986
2022-02-25,1337
2022-02-26,2018
2022-02-27,2959
2022-02-28,3546
2022-03-01,4266
2022-03-02,5260
2022-03-03,5246
2022-03-04,4563
2022-03-05,4571
2022-03-06,5707
2022-03-07,5390
2022-03-08,5724
2022-03-09,4452
2022-03-10,5492
2022-03-11,6868
2022-03-12,2757
2022-03-13,3039
2022-03-14,5312
2022-03-15,6759
2022-03-16,6679
2022-03-17,5650
2022-03-18,10860
2022-03-19,5298
2022-03-20,8340
2022-03-21,6588
2022-03-22,6632
2022-03-23,6456
2022-03-24,2911
2022-03-25,7610
2022-03-26,6899
2022-03-27,6737
2022-03-28,4813
2022-03-29,5253
2022-03-30,6688
2022-03-31,7870
2022-04-01,7341
2022-04-02,8606
2022-04-03,6992
2022-04-04,7423
2022-04-05,9414
2022-04-06,5922
2022-04-07,7642
2022-04-08,8731
2022-04-09,7900
2022-04-10,8338
2022-04-11,8997
2022-04-12,9480
2022-04-13,11419
2022-04-14,9176
2022-04-15,11502
2022-04-16,11604
2022-04-17,6303
2022-04-18,9577
2022-04-19,7596
2022-04-20,9718
2022-04-21,10112
2022-04-22,11342
2022-04-23,13518
2022-04-24,9583
2022-04-25,8432
2022-04-26,7605
2022-04-27,8596
2022-04-28,8812
2022-04-29,9111
2022-04-30,10234
2022-05-01,12235
2022-05-02,7519
2022-05-03,9247
2022-05-04,7285
2022-05-05,12345
2022-05-06,11054
2022-05-07,8854
2022-05-08,8244
2022-05-09,8722
2022-05-10,10123
2022-05-11,10829
2022-05-12,11072
2022-05-13,12112
2022-05-14,13696
2022-05-15,12514
2022-05-16,11077
2022-05-17,11110
2022-05-18,12235
2022-05-19,9388
2022-05-20,11380
2022-05-21,12536
2022-05-22,12814
2022-05-23,11461
2022-05-24,11775
2022-05-25,12082
2022-05-26,12578
2022-05-27,12636
2022-05-28,10719
2022-05-29,14364
2022-05-30,12264
2022-05-31,11687
2022-06-01,9281
2022-06-02,10436
2022-06-03,10128
2022-06-04,12676
2022-06-05,13218
2022-06-06,11651
2022-06-07,12842
2022-06-08,12158
2022-06-09,10637
2022-06-10,13251
2022-06-11,15329
2022-06-12,13691
2022-06-13,11935
2022-06-14,14386
2022-06-15,14329
2022-06-16,14635
2022-06-17,13842
2022-06-18,13834
2022-06-19,8965
2022-06-20,12460
2022-06-21,13950
2022-06-22,14029
2022-06-23,13767
2022-06-24,14431
2022-06-25,14641
2022-06-26,13258
2022-06-27,7501
2022-06-28,13244
2022-06-29,14144
2022-06-30,14455
2022-07-01,13019
2022-07-02,10459
2022-07-03,11061
2022-07-04,12583
2022-07-05,14071
2022-07-06,13332
2022-07-07,14513
2022-07-08,13917
2022-07-09,16194
2022-07-10,15568
2022-07-11,13363
2022-07-12,14022
2022-07-13,14023
2022-07-14,14265
2022-07-15,14694
2022-07-16,15672
2022-07-17,14529
2022-07-18,11014
2022-07-19,13732
2022-07-20,13948
2022-07-21,13588
2022-07-22,12999
2022-07-23,13179
2022-07-24,11882
2022-07-25,12018
2022-07-26,14310
2022-07-27,15386
2022-07-28,14669
2022-07-29,13700
2022-07-30,14716
2022-07-31,14120
2022-08-01,13546
2022-08-02,14152
2022-08-03,14657
2022-08-04,12949
2022-08-05,11674
2022-08-06,13088
2022-08-07,11722
2022-08-08,11358
2022-08-09,12684
2022-08-10,15420
2022-08-11,14939
2022-08-12,15100
2022-08-13,15555
2022-08-14,14584
2022-08-15,13972
2022-08-16,14549
2022-08-17,13076
2022-08-18,14285
2022-08-19,14480
2022-08-20,18128
2022-08-21,18022
2022-08-22,11476
2022-08-23,15083
2022-08-24,19075
2022-08-25,19908
2022-08-26,15333
2022-08-27,21179
2022-08-28,21550
2022-08-29,19359
2022-08-30,19676
2022-08-31,20151
2022-09-01,21965
2022-09-02,22157
2022-09-03,22758
2022-09-04,23548
2022-09-05,9493
2022-09-06,9690
2022-09-07,22156
2022-09-08,23025
2022-09-09,24902
2022-09-10,25959
2022-09-11,19641
2022-09-12,21673
2022-09-13,18640
2022-09-14,24482
2022-09-15,23404
2022-09-16,24622
2022-09-17,26303
2022-09-18,22274
2022-09-19,16587
2022-09-20,18330
2022-09-21,19680
2022-09-22,12184
2022-09-23,16881
2022-09-24,18517
2022-09-25,15229
2022-09-26,16399
2022-09-27,18382
2022-09-28,18515
2022-09-29,18405
2022-09-30,17954
2022-10-01,12918
2022-10-02,11956
2022-10-03,13156
2022-10-04,11207
2022-10-05,9889
2022-10-06,17423
2022-10-07,17812
2022-10-08,14427
2022-10-09,12304
2022-10-10,11328
2022-10-11,15011
2022-10-12,15945
2022-10-13,11533
2022-10-14,11923
2022-10-15,16936
2022-10-16,13891
2022-10-17,11137
2022-10-18,13948
2022-10-19,14077
2022-10-20,14093
2022-10-21,15648
2022-10-22,17882
2022-10-23,9820
2022-10-24,9422
2022-10-25,11178
2022-10-26,10456
2022-10-27,15054
2022-10-28,13246
2022-10-29,13789
2022-10-30,12411
2022-10-31,13038
2022-11-01,12504
2022-11-02,14046
2022-11-03,14170
2022-11-04,15247
2022-11-05,16919
2022-11-06,14248
2022-11-07,12985
2022-11-08,11892
2022-11-09,11873
2022-11-10,13511
2022-11-11,11183
2022-11-12,13805
2022-11-13,6718
2022-11-14,9125
2022-11-15,9615
2022-11-16,7084
2022-11-17,9846
2022-11-18,9407
2022-11-19,7815
2022-11-20,5029
2022-11-21,6701
2022-11-22,8022
2022-11-23,6750
2022-11-24,3543
2022-11-25,3906
2022-11-26,5267
2022-11-27,4059
2022-11-28,8214
2022-11-29,8412
2022-11-30,6285
2022-12-01,8046
2022-12-02,8567
2022-12-03,4995
2022-12-04,6252
2022-12-05,7814
2022-12-06,8247
2022-12-07,5995
2022-12-08,8650
2022-12-09,7502
2022-12-10,5617
2022-12-11,3322
2022-12-12,4578
2022-12-13,6203
2022-12-14,5595
2022-12-15,5580
2022-12-16,1686
2022-12-17,4265
2022-12-18,3811
2022-12-19,4637
2022-12-20,4650
2022-12-21,4329
2022-12-22,3474
2022-12-23,1170
2022-12-24,923
2022-12-25,620
2022-12-26,1407
2022-12-27,2090
2022-12-28,2343
2022-12-29,3283
2022-12-30,4188
2022-12-31,2194
2023-01-01,3098
2023-01-02,3404
2023-01-03,2519
2023-01-04,4695
2023-01-05,4070
2023-01-06,2595
2023-01-07,3764
2023-01-08,3437
2023-01-09,5093
2023-01-10,5889
2023-01-11,5288
2023-01-12,4693
2023-01-13,5150
2023-01-14,2902
2023-01-15,2730
2023-01-16,1960
2023-01-17,5614
2023-01-18,6488
2023-01-19,4795
2023-01-20,3382
2023-01-21,4260
2023-01-22,3575
2023-01-23,2380
2023-01-24,5009
2023-01-25,5421
2023-01-26,6128
2023-01-27,6154
2023-01-28,6494
2023-01-29,5708
2023-01-30,6781
2023-01-31,5966
2023-02-01,5875
2023-02-02,5812
2023-02-03,2232
2023-02-04,1099
2023-02-05,4637
2023-02-06,6564
2023-02-07,6201
2023-02-08,7362
2023-02-09,7131
2023-02-10,7837
2023-02-11,5949
2023-02-12,6090
2023-02-13,6298
2023-02-14,7715
2023-02-15,7844
2023-02-16,8546
2023-02-17,5260
2023-02-18,5329
2023-02-19,5649
2023-02-20,7128
2023-02-21,4983
2023-02-22,6605
2023-02-23,2057
2023-02-24,3790
2023-02-25,2302
2023-02-26,3466
2023-02-27,5463
2023-02-28,2718
2023-03-01,6791
2023-03-02,5637
2023-03-03,6783
2023-03-04,2330
2023-03-05,5277
2023-03-06,6449
2023-03-07,6013
2023-03-08,6549
2023-03-09,7148
2023-03-10,7111
2023-03-11,4230
2023-03-12,5642
2023-03-13,5204
2023-03-14,1169
2023-03-15,5800
2023-03-16,7125
2023-03-17,7718
2023-03-18,8034
2023-03-19,4803
2023-03-20,6909
2023-03-21,8783
2023-03-22,8429
2023-03-23,8581
2023-03-24,8508
2023-03-25,4370
2023-03-26,7211
2023-03-27,7227
2023-03-28,6229
2023-03-29,8203
2023-03-30,7087
2023-03-31,6292
2023-04-01,5825
2023-04-02,6944
2023-04-03,8475
2023-04-04,10275
2023-04-05,7871
2023-04-06,9353
2023-04-07,8654
2023-04-08,9072
2023-04-09,7333
2023-04-10,9898
2023-04-11,11920
2023-04-12,12159
2023-04-13,13862
2023-04-14,15904
2023-04-15,13390
2023-04-16,9805
2023-04-17,7897
2023-04-18,11099
2023-04-19,9879
2023-04-20,11948
2023-04-21,11009
2023-04-22,9054
2023-04-23,3102
2023-04-24,9520
2023-04-25,10931
2023-04-26,11043
2023-04-27,9911
2023-04-28,12211
2023-04-29,8752
2023-04-30,3365
2023-05-01,11673
2023-05-02,8368
2023-05-03,10570
2023-05-04,9400
2023-05-05,10803
2023-05-06,14215
2023-05-07,14897
2023-05-08,12122
2023-05-09,12589
2023-05-10,13575
2023-05-11,13643
2023-05-12,14244
2023-05-13,14600
2023-05-14,12502
2023-05-15,12033
2023-05-16,13234
2023-05-17,11894
2023-05-18,12273
2023-05-19,12416
2023-05-20,4538
2023-05-21,14733
2023-05-22,11452
2023-05-23,12904
2023-05-24,11534
2023-05-25,12976
2023-05-26,12608
2023-05-27,12180
2023-05-28,14030
2023-05-29,11047
2023-05-30,12502
2023-05-31,13669
2023-06-01,13693
2023-06-02,10243
2023-06-03,6268
2023-06-04,5952
2023-06-05,8217
2023-06-06,12853
2023-06-07,12541
2023-06-08,12720
2023-06-09,10227
2023-06-10,10284
2023-06-11,13069
2023-06-12,12711
2023-06-13,13048
2023-06-14,12629
2023-06-15,14863
2023-06-16,14113
2023-06-17,4340
2023-06-18,10186
2023-06-19,11970
2023-06-20,13956
2023-06-21,15295
2023-06-22,14972
2023-06-23,14550
2023-06-24,11110
2023-06-25,12642
2023-06-26,12488
2023-06-27,14009
2023-06-28,12480
2023-06-29,14824
2023-06-30,14086
2023-07-01,12220
2023-07-02,5736
2023-07-03,11146
2023-07-04,8924
2023-07-05,13612
2023-07-06,13616
2023-07-07,13240
2023-07-08,13321
2023-07-09,12525
2023-07-10,6771
2023-07-11,15141
2023-07-12,14815
2023-07-13,15638
2023-07-14,14199
2023-07-15,14944
2023-07-16,3996
2023-07-17,14347
2023-07-18,15328
2023-07-19,15957
2023-07-20,16732
2023-07-21,13391
2023-07-22,15513
2023-07-23,14161
2023-07-24,14464
2023-07-25,11150
2023-07-26,16853
2023-07-27,13148
2023-07-28,14646
2023-07-29,7816
2023-07-30,14613
2023-07-31,14542
2023-08-01,16636
2023-08-02,17142
2023-08-03,16262
2023-08-04,14521
2023-08-05,14982
2023-08-06,13792
2023-08-07,13213
2023-08-08,12745
2023-08-09,16068
2023-08-10,13262
2023-08-11,15272
2023-08-12,14426
2023-08-13,12093
2023-08-14,15411
2023-08-15,9740
2023-08-16,14769
2023-08-17,14734
2023-08-18,11704
2023-08-19,14048
2023-08-20,12606
2023-08-21,13022
2023-08-22,15141
2023-08-23,15270
2023-08-24,14639
2023-08-25,6947
2023-08-26,14407
2023-08-27,13186
2023-08-28,15150
2023-08-29,14560
2023-08-30,11956
2023-08-31,15135
2023-09-01,14348
2023-09-02,13331
2023-09-03,13687
2023-09-04,14005
2023-09-05,16096
2023-09-06,16343
2023-09-07,15953
2023-09-08,16229
2023-09-09,12795
2023-09-10,8994
2023-09-11,11837
2023-09-12,15551
2023-09-13,11635
2023-09-14,18959
2023-09-15,17211
2023-09-16,12420
2023-09-17,16059
2023-09-18,4208
2023-09-19,15376
2023-09-20,17151
2023-09-21,17478
2023-09-22,17661
2023-09-23,9174
2023-09-24,8123
2023-09-25,8769
2023-09-26,15025
2023-09-27,15893
2023-09-28,16244
2023-09-29,9006
2023-09-30,12712
2023-10-01,13767
2023-10-02,14868
2023-10-03,16758
2023-10-04,16978
2023-10-05,16918
2023-10-06,16221
2023-10-07,10403
2023-10-08,13610
2023-10-09,12889
2023-10-10,15196
2023-10-11,15904
2023-10-12,15839
2023-10-13,14808
2023-10-14,12943
2023-10-15,11564
2023-10-16,11103
2023-10-17,13756
2023-10-18,14901
2023-10-19,16029
2023-10-20,14942
2023-10-21,5951
2023-10-22,12762
2023-10-23,13251
2023-10-24,14740
2023-10-25,15211
2023-10-26,16276
2023-10-27,17165
2023-10-28,17651
2023-10-29,6785
2023-10-30,6211
2023-10-31,12615
2023-11-01,11160
2023-11-02,11538
2023-11-03,12173
2023-11-04,12004
2023-11-05,11840
2023-11-06,10615
2023-11-07,11945
2023-11-08,10558
2023-11-09,7708
2023-11-10,9947
2023-11-11,8980
2023-11-12,7210
2023-11-13,8757
2023-11-14,10244
2023-11-15,10569
2023-11-16,12103
2023-11-17,12013
2023-11-18,7181
2023-11-19,7397
2023-11-20,7658
2023-11-21,7729
2023-11-22,3571
2023-11-23,3552
2023-11-24,4449
2023-11-25,4029
2023-11-26,4879
2023-11-27,8839
2023-11-28,8701
2023-11-29,8354
2023-11-30,9672
2023-12-01,8724
2023-12-02,8876
2023-12-03,2680
2023-12-04,8621
2023-12-05,8724
2023-12-06,7479
2023-12-07,7068
2023-12-08,7422
2023-12-09,7686
2023-12-10,4566
2023-12-11,5661
2023-12-12,8145
2023-12-13,7909
2023-12-14,7347
2023-12-15,7945
2023-12-16,6762
2023-12-17,4373
2023-12-18,2565
2023-12-19,6628
2023-12-20,6272
2023-12-21,4888
2023-12-22,3699
2023-12-23,2822
2023-12-24,1871
2023-12-25,1754
2023-12-26,2895
2023-12-27,3320
2023-12-28,1284
2023-12-29,2770
2023-12-30,1948
2023-12-31,3010
2024-01-01,2577
2024-01-02,4443
2024-01-03,5584
2024-01-04,5733
2024-01-05,4537
2024-01-06,4151
2024-01-07,660
2024-01-08,3871
2024-01-09,4862
2024-01-10,7211
2024-01-11,7880
2024-01-12,7758
2024-01-13,5296
2024-01-14,4314
2024-01-15,4526
2024-01-16,2826
2024-01-17,4819
2024-01-18,5589
2024-01-19,5159
2024-01-20,2785
2024-01-21,3006
2024-01-22,5854
2024-01-23,7657
2024-01-24,6066
2024-01-25,8957
2024-01-26,5620
2024-01-27,7039
2024-01-28,2626
2024-01-29,6487
2024-01-30,7252
2024-01-31,7732
2024-02-01,8413
2024-02-02,7923
2024-02-03,6493
2024-02-04,5853
2024-02-05,7895
2024-02-06,8583
2024-02-07,9036
2024-02-08,9372
2024-02-09,9365
2024-02-10,10063
2024-02-11,7485
2024-02-12,9243
2024-02-13,3619
2024-02-14,8135
2024-02-15,8454
2024-02-16,7419
2024-02-17,5920
2024-02-18,5231
2024-02-19,5913
2024-02-20,7991
2024-02-21,8637
2024-02-22,8890
2024-02-23,8014
2024-02-24,7486
2024-02-25,5849
2024-02-26,9315
2024-02-27,10938
2024-02-28,7853
2024-02-29,8041
2024-03-01,8547
2024-03-02,5167
2024-03-03,8344
2024-03-04,8444
2024-03-05,6925
2024-03-06,8718
2024-03-07,7161
2024-03-08,10073
2024-03-09,7436
2024-03-10,6713
2024-03-11,7164
2024-03-12,10108
2024-03-13,10560
2024-03-14,11215
2024-03-15,8522
2024-03-16,10840
2024-03-17,9209
2024-03-18,9580
2024-03-19,10522
2024-03-20,9907
2024-03-21,8575
2024-03-22,8683
2024-03-23,1903
2024-03-24,6280
2024-03-25,7965
2024-03-26,7920
2024-03-27,9823
2024-03-28,3564
2024-03-29,7110
2024-03-30,10272
2024-03-31,9024
2024-04-01,10776
2024-04-02,10582
2024-04-03,6458
2024-04-04,3426
2024-04-05,9587
2024-04-06,6615
2024-04-07,7696
2024-04-08,11528
2024-04-09,13209
2024-04-10,13059
2024-04-11,10852
2024-04-12,8732
2024-04-13,12347
2024-04-14,11012
2024-04-15,16133
2024-04-16,16009
2024-04-17,13855
2024-04-18,9840
2024-04-19,13763
2024-04-20,10982
2024-04-21,11111
2024-04-22,12339
2024-04-23,14029
2024-04-24,12998
2024-04-25,13757
2024-04-26,13822
2024-04-27,14419
2024-04-28,13512
2024-04-29,13050
2024-04-30,12764
2024-05-01,13058
2024-05-02,13851
2024-05-03,14035
2024-05-04,12904
2024-05-05,7907
2024-05-06,14424
2024-05-07,17607
2024-05-08,9460
2024-05-09,15801
2024-05-10,14389
2024-05-11,13066
2024-05-12,10909
2024-05-13,14411
2024-05-14,16803
2024-05-15,15080
2024-05-16,10527
2024-05-17,15582
2024-05-18,10227
2024-05-19,9037
2024-05-20,14106
2024-05-21,17284
2024-05-22,17121
2024-05-23,14846
2024-05-24,16443
2024-05-25,14808
2024-05-26,14515
2024-05-27,11093
2024-05-28,16438
2024-05-29,17340
2024-05-30,10143
2024-05-31,17094
2024-06-01,17159
2024-06-02,15465
2024-06-03,16343
2024-06-04,17731
2024-06-05,18195
2024-06-06,16854
2024-06-07,16368
2024-06-08,17366
2024-06-09,10161
2024-06-10,15900
2024-06-11,17469
2024-06-12,18031
2024-06-13,18204
2024-06-14,14146
2024-06-15,16419
2024-06-16,14611
2024-06-17,16615
2024-06-18,16380
2024-06-19,13179
2024-06-20,14352
2024-06-21,16684
2024-06-22,11429
2024-06-23,12838
2024-06-24,16122
2024-06-25,17822
2024-06-26,15754
2024-06-27,17540
2024-06-28,17684
2024-06-29,14421
2024-06-30,11391
2024-07-01,15286
2024-07-02,17053
2024-07-03,16153
2024-07-04,14604
2024-07-05,12044
2024-07-06,12180
2024-07-07,12820
2024-07-08,15478
2024-07-09,17507
2024-07-10,17839
2024-07-11,17883
2024-07-12,17280
2024-07-13,14175
2024-07-14,15984
2024-07-15,16602
2024-07-16,18507
2024-07-17,18966
2024-07-18,20060
2024-07-19,20403
2024-07-20,19134
2024-07-21,17296
2024-07-22,17962
2024-07-23,20289
2024-07-24,18856
2024-07-25,20032
2024-07-26,20023
2024-07-27,19562
2024-07-28,17393
2024-07-29,16482
2024-07-30,20007
2024-07-31,17944
2024-08-01,18335
2024-08-02,16210
2024-08-03,16517
2024-08-04,11523
2024-08-05,17603
2024-08-06,13348
2024-08-07,16916
2024-08-08,16656
2024-08-09,14772
2024-08-10,16587
2024-08-11,16063
2024-08-12,17984
2024-08-13,18768
2024-08-14,19095
2024-08-15,15199
2024-08-16,17293
2024-08-17,16816
2024-08-18,13225
2024-08-19,15176
2024-08-20,17513
2024-08-21,18731
2024-08-22,19118
2024-08-23,19257
2024-08-24,18947
2024-08-25,17064
2024-08-26,18193
2024-08-27,19813
2024-08-28,19572
2024-08-29,20133
2024-08-30,18492
2024-08-31,16996
2024-09-01,16476
2024-09-02,17113
2024-09-03,20659
2024-09-04,21083
2024-09-05,20277
2024-09-06,20389
2024-09-07,19988
2024-09-08,18077
2024-09-09,19943
2024-09-10,21653
2024-09-11,21437
2024-09-12,21783
2024-09-13,21985
2024-09-14,21381
2024-09-15,19632
2024-09-16,20190
2024-09-17,22304
2024-09-18,21683
2024-09-19,20656
2024-09-20,17861
2024-09-21,5774
2024-09-22,15874
2024-09-23,18012
2024-09-24,19793
2024-09-25,19478
2024-09-26,14928
2024-09-27,22038
2024-09-28,20210
2024-09-29,16838
2024-09-30,19178
2024-10-01,20285
2024-10-02,20421
2024-10-03,20746
2024-10-04,21195
2024-10-05,19832
2024-10-06,16891
2024-10-07,12256
2024-10-08,19839
2024-10-09,19395
2024-10-10,19263
2024-10-11,19343
2024-10-12,18516
2024-10-13,9413
2024-10-14,9965
2024-10-15,16809
2024-10-16,17079
2024-10-17,18042
2024-10-18,18794
2024-10-19,20252
2024-10-20,18938
2024-10-21,18785
2024-10-22,20381
2024-10-23,20245
2024-10-24,20126
2024-10-25,18506
2024-10-26,18579
2024-10-27,13992
2024-10-28,14982
2024-10-29,16581
2024-10-30,18488
2024-10-31,21076
2024-11-01,20413
2024-11-02,15179
2024-11-03,13057
2024-11-04,13667
2024-11-05,19260
2024-11-06,19274
2024-11-07,19259
2024-11-08,17281
2024-11-09,13536
2024-11-10,12555
2024-11-11,14871
2024-11-12,14252
2024-11-13,13695
2024-11-14,13076
2024-11-15,14685
2024-11-16,15551
2024-11-17,13385
2024-11-18,15461
2024-11-19,17151
2024-11-20,16709
2024-11-21,7979
2024-11-22,12427
2024-11-23,8005
2024-11-24,9873
2024-11-25,11772
2024-11-26,8526
2024-11-27,9536
2024-11-28,1898
2024-11-29,5776
2024-11-30,5974
2024-12-01,5888
2024-12-02,9482
2024-12-03,10713
2024-12-04,10563
2024-12-05,9002
2024-12-06,9173
2024-12-07,7967
2024-12-08,7455
2024-12-09,7580
2024-12-10,9041
2024-12-11,3536
2024-12-12,9237
2024-12-13,8469
2024-12-14,6736
2024-12-15,6040
2024-12-16,8353
2024-12-17,10480
2024-12-18,9188
2024-12-19,9115
2024-12-20,2895
2024-12-21,1799
2024-12-22,1322
2024-12-23,2119
2024-12-24,1791
2024-12-25,1043
2024-12-26,2286
2024-12-27,2830
2024-12-28,2536
2024-12-29,3123
2024-12-30,4175
2024-12-31,5144
2025-01-01,2765
2025-01-02,4733
2025-01-03,4688
2025-01-04,3362
2025-01-05,3252
2025-01-06,5426
2025-01-07,5280
2025-01-08,5271
2025-01-09,5045
2025-01-10,6460
2025-01-11,2273
2025-01-12,3986
2025-01-13,6740
2025-01-14,7058
2025-01-15,6513
2025-01-16,6817
2025-01-17,6714
2025-01-18,4342
2025-01-19,4875
2025-01-20,2269
2025-01-21,4499
2025-01-22,4892
2025-01-23,5883
2025-01-24,6037
2025-01-25,4624
2025-01-26,4654
2025-01-27,6826
2025-01-28,7467
2025-01-29,6861
2025-01-30,6942
2025-01-31,4552
2025-02-01,3650
2025-02-02,3941
2025-02-03,6763
2025-02-04,8058
2025-02-05,6910
2025-02-06,4525
2025-02-07,6603
2025-02-08,5418
2025-02-09,2956
2025-02-10,6457
2025-02-11,7087
2025-02-12,7220
2025-02-13,5311
2025-02-14,6495
2025-02-15,4041
2025-02-16,1292
2025-02-17,2843
2025-02-18,4563
2025-02-19,5348
2025-02-20,5827
2025-02-21,5487
2025-02-22,5463
2025-02-23,5311
2025-02-24,7294
2025-02-25,9028
2025-02-26,9788
2025-02-27,7840
2025-02-28,9173
2025-03-01,6815
2025-03-02,4231
2025-03-03,6262
2025-03-04,8691
2025-03-05,8735
2025-03-06,8003
2025-03-07,6949
2025-03-08,5559
2025-03-09,6051
2025-03-10,10382
2025-03-11,12322
2025-03-12,10192
2025-03-13,9748
2025-03-14,10358
2025-03-15,11284
2025-03-16,11192
2025-03-17,5289
2025-03-18,10468
2025-03-19,10383
2025-03-20,10407
2025-03-21,7387
2025-03-22,10884
2025-03-23,6523
2025-03-24,4328
2025-03-25,10959
2025-03-26,10931
2025-03-27,10681
2025-03-28,11831
2025-03-29,5695
2025-03-30,6589
2025-03-31,10539
2025-04-01,12172
2025-04-02,10772
2025-04-03,10449
2025-04-04,15241
2025-04-05,5774
2025-04-06,7336
2025-04-07,6117
2025-04-08,9361
2025-04-09,11389
2025-04-10,12255
2025-04-11,10219
2025-04-12,4381
2025-04-13,5521
2025-04-14,13865
2025-04-15,12447
2025-04-16,12475
2025-04-17,14745
2025-04-18,15712
2025-04-19,18536
2025-04-20,13621
2025-04-21,14860
2025-04-22,15221
2025-04-23,17402
2025-04-24,17043
2025-04-25,14335
2025-04-26,8234
2025-04-27,10035
2025-04-28,15346
2025-04-29,17914
2025-04-30,17471
2025-05-01,16286
2025-05-02,16425
2025-05-03,15933
2025-05-04,11201
2025-05-05,7897
2025-05-06,9942
2025-05-07,17057
2025-05-08,16989
2025-05-09,7336
2025-05-10,10189
2025-05-11,14542
2025-05-12,16333
2025-05-13,17200
2025-05-14,17803
2025-05-15,12899
2025-05-16,17811
2025-05-17,16655
2025-05-18,13833
2025-05-19,13848
2025-05-20,14322
2025-05-21,13367
2025-05-22,2674
2025-05-23,9480
2025-05-24,10257
2025-05-25,12071
2025-05-26,14104
2025-05-27,17111
2025-05-28,17649
2025-05-29,16142
2025-05-30,17632
2025-05-31,10089
2025-06-01,12551
2025-06-02,15783
2025-06-03,18151
2025-06-04,18876
2025-06-05,19257
2025-06-06,17896
2025-06-07,8767
2025-06-08,15382
2025-06-09,13541
2025-06-10,13908
2025-06-11,20088
2025-06-12,19376
2025-06-13,18882
2025-06-14,11416
2025-06-15,14424
2025-06-16,16873
2025-06-17,15230
2025-06-18,18303
2025-06-19,15770
2025-06-20,16892
2025-06-21,16006
2025-06-22,13172
2025-06-23,16691
2025-06-24,14996
2025-06-25,17173
2025-06-26,18137
2025-06-27,19420
2025-06-28,12711
2025-06-29,15738
2025-06-30,17152
2025-07-01,16087
2025-07-02,18275
2025-07-03,15355
2025-07-04,16448
2025-07-05,15031
2025-07-06,13535
2025-07-07,17029
2025-07-08,17675
2025-07-09,15624
2025-07-10,11812
2025-07-11,19842
2025-07-12,18939
2025-07-13,17298
2025-07-14,17451
2025-07-15,19095
2025-07-16,18196
2025-07-17,18939
2025-07-18,20778
2025-07-19,18977
2025-07-20,14550
2025-07-21,18402
2025-07-22,20014
2025-07-23,19871
2025-07-24,19639
2025-07-25,16821
2025-07-26,18896
2025-07-27,13088
2025-07-28,17598
2025-07-29,17689
2025-07-30,18376
2025-07-31,11242
2025-08-01,17998
2025-08-02,18928
2025-08-03,16927
2025-08-04,17951
2025-08-05,19990
2025-08-06,19838
2025-08-07,19573
2025-08-08,19412
2025-08-09,17995
2025-08-10,16204
2025-08-11,16964
2025-08-12,18265
2025-08-13,18336
2025-08-14,16852
2025-08-15,18532
2025-08-16,17413
2025-08-17,14722
2025-08-18,17243
2025-08-19,18516
2025-08-20,10452
2025-08-21,17207
2025-08-22,17681
2025-08-23,17416
2025-08-24,15929
2025-08-25,16877
2025-08-26,18966
2025-08-27,18374
2025-08-28,19186
2025-08-29,14112
2025-08-30,17214
2025-08-31,17175
2025-09-01,16300
2025-09-02,20417
2025-09-03,21629
2025-09-04,21499
2025-09-05,20938
2025-09-06,15991
2025-09-07,7917
2025-09-08,19233
2025-09-09,20977
2025-09-10,20702
2025-09-11,22045
2025-09-12,21379
2025-09-13,20532
2025-09-14,19223
2025-09-15,19883
2025-09-16,21708
2025-09-17,21977
2025-09-18,20468
2025-09-19,21799
2025-09-20,21097
2025-09-21,16987
2025-09-22,19224
2025-09-23,20042
2025-09-24,14142
2025-09-25,9665
2025-09-26,22810
2025-09-27,22204
2025-09-28,19473
2025-09-29,19832
2025-09-30,21065
2025-10-01,20668
2025-10-02,19421
2025-10-03,20722
2025-10-04,20791
2025-10-05,18967
2025-10-06,19827
2025-10-07,21221
2025-10-08,13965
2025-10-09,18620
2025-10-10,18330
2025-10-11,18263
2025-10-12,8027
2025-10-13,2620
2025-10-14,9270
2025-10-15,18029
2025-10-16,17169
2025-10-17,18996
2025-10-18,20167
2025-10-19,17898
2025-10-20,12185
2025-10-21,18794
2025-10-22,14526
2025-10-23,18397
2025-10-24,18019
2025-10-25,16766
2025-10-26,14045
2025-10-27,15167
2025-10-28,16087
2025-10-29,15384
2025-10-30,10742
2025-10-31,15733
2025-11-01,15451
2025-11-02,14038
2025-11-03,13607
2025-11-04,14998
2025-11-05,15661
2025-11-06,15308
2025-11-07,14864
2025-11-08,15240
2025-11-09,11454
2025-11-10,8281
2025-11-11,10414
2025-11-12,13434
2025-11-13,13677
2025-11-14,13648
2025-11-15,11129
2025-11-16,9794
2025-11-17,10703
2025-11-18,12847
2025-11-19,12960
2025-11-20,13205
2025-11-21,12595
2025-11-22,8741
2025-11-23,8142
2025-11-24,11330
2025-11-25,10896
2025-11-26,10289
2025-11-27,4381
2025-11-28,4966
2025-11-29,5611
2025-11-30,4221
2025-12-01,10256
2025-12-02,6032
2025-12-03,10009
2025-12-04,9366
2025-12-05,7768
2025-12-06,7832
2025-12-07,7489
2025-12-08,7857
2025-12-09,8560
2025-12-10,9890
2025-12-11,8982
2025-12-12,8327
2025-12-13,7137
2025-12-14,3319
2025-12-15,5781
2025-12-16,8148
2025-12-17,9052
2025-12-18,9386
2025-12-19,5000
2025-12-20,5457
2025-12-21,4550
2025-12-22,4915
2025-12-23,3850
2025-12-24,2481
2025-12-25,1177
2025-12-26,2053
2025-12-27,1396
2025-12-28,2104
2025-12-29,2156
2025-12-30,2741
2025-12-31,3288
2026-01-01,1686
2026-01-02,2919
2026-01-03,2866
2026-01-04,2773
2026-01-05,5123
2026-01-06,5963
2026-01-07,5292
2026-01-08,7847
2026-01-09,7108
2026-01-10,5853
2026-01-11,5652
2026-01-12,6993
2026-01-13,8678
2026-01-14,9484
2026-01-15,9273
2026-01-16,6217
2026-01-17,4852
2026-01-18,3852
2026-01-19,3176
2026-01-20,5918
2026-01-21,6073
2026-01-22,8210
2026-01-23,6500
2026-01-24,2878
2026-01-25,972
2026-01-26,402
2026-01-27,1744
2026-01-28,3294
2026-01-29,3564
2026-01-30,2989
2026-01-31,2477
2026-02-01,2351
2026-02-02,4751
2026-02-03,5855
2026-02-04,5871
2026-02-05,6150
2026-02-06,4863
2026-02-07,1514
2026-02-08,2344
2026-02-09,4554
2026-02-10,5680
2026-02-11,6071
2026-02-12,6606
2026-02-13,6433
2026-02-14,4625
2026-02-15,4257
2026-02-16,4740
2026-02-17,6676
2026-02-18,6886
2026-02-19,7553
2026-02-20,4758
2026-02-21,3589
2026-02-22,4224
2026-02-23,1
2026-02-24,1480
2026-02-25,4099
2026-02-26,6267
2026-02-27,6769
2026-02-28,6499
